cntry,nuts1,nuts2,n2_tpopsz_2014,n2_tpopsz_2015,n2_fpopsz_2014,n2_fpopsz_2015,n2_mpopsz_2014,n2_mpopsz_2015,n2_pode_2014,n2_cnmigrat_2014,n2_grow_2014,n2_cnmigratrt_2014,n2_gdp_eurhab_2014,n2_gdp_eurhabeu_2014,n2_mio_eur_2014,n2_mio_pps_2014,n2_pps_hab_2014,n2_loun_ths_2015,n2_loun_pc_une_2015,n2_loun_pc_act_2015,n2_un1524_2015,n2_unall_2015,n2_uno25_2015,n2_unra1524_2015,n2_unraall_2015,n2_unrao25_2015,n2_liexle_2014,n2_infantm_2014,n2_infantmrt_2014,n2_hcide_2010,n2_robbr_2010,n2_dburg_2010,n2_vthft_2010
AT,AT1,AT11,287318,288178,146960,147220,140358,140958,78.4,1868,860,6.5,26500,97,7638,7033,24400, , , , ,7.4,6.2, ,5.2,4.9,81.4,6,2.7,5,19,223,75
AT,AT1,AT12,1626262,1635695,828359,832537,797903,803158,86.2,11374,9433,7,31400,114,51180,47127,28900,12.9,29.4,1.5,11.3,44,32.7,10.6,5.2,4.4,81.3,46,3.2,11,226,2557,906
AT,AT1,AT13,1765575,1794799,915345,928591,850230,866208,4506.8,25978,29224,14.6,47300,172,84211,77542,43500,34.4,36.2,3.8,19.1,95.3,76.2,18,10.6,9.6,80.5,87,4.5,17,3123,9319,2937
AT,AT2,AT21,555743,557047,285672,286160,270071,270887,59.4,2342,1304,4.2,32200,117,17937,16517,29700,4.8,29.3,1.8,3.4,16.5,13.1,10.2,6.1,5.5,81.8,6,1.3,3,90,507,180
AT,AT2,AT22,1214927,1220495,619041,620990,595886,599505,74.9,7019,5568,5.8,34700,126,42279,38931,32000,7.4,25.4,1.2,7.6,29,21.5,9.7,4.7,4,82,30,2.9,3,261,1163,271
AT,AT3,AT31,1425982,1435335,723152,727044,702830,708291,122.1,7537,9353,5.3,39200,143,56170,51722,36100,6.4,20.3,.8,9.5,31.4,21.9,9,4.1,3.3,82,42,2.9,10,293,988,415
AT,AT3,AT32,534185,538102,274581,276272,259604,261830,76,2788,3917,5.2,45200,165,24256,22335,41600, , , , ,9.9,7.3, ,3.5,3,82.6,15,2.8,4,120,438,158
AT,AT3,AT33,721574,728435,367794,370848,353780,357587,57.9,5419,6861,7.5,41200,150,29893,27525,38000, , , , ,11.5,8.8, ,3,2.6,82.8,14,2,3,108,361,138
AT,AT3,AT34,375323,378175,190349,191634,184974,186541,148.7,1577,2852,4.2,41500,151,15642,14404,38200, , , , ,7,4.9, ,3.5,2.9,83.1,3,.7,0,70,191,70
BE,BE1,BE10,1183841,1196831,603520,609555,580321,587276,7393.4,3436,12990,2.9,62900,229,73381,66486,57000,58,63.8,11,11.8,90.9,79.1,36.2,17.3,16.1,81.1,59,3.2,30,8726,11606,3130
BE,BE2,BE21,1809412,1818272,912717,917375,896695,900897,648.7,4386,8860,2.4,41800,152,75418,68331,37900,21.6,43.2,2.7,10.8,50,39.2,15.8,6.1,5.3,82.2,67,3.2,30,3681,10860,2673
BE,BE2,BE22,858535,861962,430573,432491,427962,429471,360.2,1786,3427,2.1,29800,108,25507,23110,27000,8.1,34.8,2.1,5.6,23.1,17.5,16.2,6,5,82.7,23,2.7,11,566,3092,944
BE,BE2,BE23,1472518,1480132,746935,750544,725583,729588,500.8,5809,7614,3.9,32800,119,48210,43680,29700,9.7,32.2,1.4,9.1,30.3,21.1,16.4,4.4,3.4,82.1,49,3.2,8,1488,5642,1520
BE,BE2,BE24,1109226,1115824,565711,569176,543515,546648,529.3,4916,6598,4.4,39000,142,43230,39168,35300,10.4,39.3,2,5.8,26.4,20.6,17.5,5.1,4.3,82.6,45,3.9,10,997,6084,1214
BE,BE2,BE25,1179373,1181974,595995,597362,583378,584612,377.7,3627,2601,3.1,35000,127,41067,37208,31700,8.2,36.8,1.5,5.2,22.4,17.1,10.6,4.2,3.5,82.3,32,2.9,12,891,3376,1397
BE,BE3,BE31,391801,394464,201879,203196,189922,191268,360.3,2232,2663,5.7,39500,144,15484,14029,35800,7,50.7,4,2.7,13.9,11.2,26.5,7.8,6.7,81.7,10,2.5,10,434,2334,577
BE,BE3,BE32,1335063,1337967,687988,688847,647075,649120,354,3018,2904,2.3,23100,84,30797,27903,21000,41.6,58.5,7.8,16.5,71.1,54.6,36.7,13.3,11.2,78.9,68,4.7,30,3266,12435,3942
BE,BE3,BE33,1098531,1100907,561498,562544,537033,538363,286.1,1498,2376,1.4,26200,96,28638,25947,23800,34.8,58.4,7.5,12,59.6,47.6,30.7,12.8,11.2,79.9,46,3.8,28,2907,8696,3223
BE,BE3,BE34,278651,280529,140341,141149,138310,139380,63,1203,1878,4.3,23200,84,6425,5821,21000,5.4,46.6,4.3,2.1,11.6,9.5,19.6,9.3,8.3,80.5,11,3.4,6,228,1219,413
BE,BE3,BE35,487041,489572,248766,249939,238275,239633,133.6,2272,2531,4.7,25200,92,12207,11060,22800,13.2,58.3,6.3,5.7,22.6,16.8,35.5,10.9,8.8,79.4,13,2.5,9,619,2954,783
CH,CH0,CH01,1545817,1570594,790113,802402,755704,768192,188.1,18845,24777,12.1, , , , , ,22.5,36.9,2.6,17.4,60.9,43.5,16,7,5.8,83.9,52,3.1,10,1028,8960,2831
CH,CH0,CH02,1808480,1826251,919161,927338,889319,898913,185.8,15508,17771,8.5, , , , , ,15.6,35.2,1.5,11.4,44.4,33,7.8,4.1,3.6,82.9,56,3.1,9,468,3927,1730
CH,CH0,CH03,1104353,1117158,558511,564458,545842,552700,569.7,10602,12805,9.5, , , , , ,8.1,31.1,1.3,6.9,26.1,19.2,8.6,4,3.4,83.3,52,4.6,6,330,2143,1134
CH,CH0,CH04,1425538,1446354,718749,728652,706789,717702,864.6,14453,20816,10.1, , , , , ,11.9,34.5,1.4,5.5,34.5,29,5.6,3.9,3.7,83.4,84,5,14,624,5365,675
CH,CH0,CH05,1134781,1144572,567461,572063,567320,572509,100.7,7680,9791,6.7, , , , , ,6.9,26.2,1,6,26.2,20.2,6.1,3.8,3.4,82.8,45,4,8,179,1318,721
CH,CH0,CH06,774123,782374,385452,389051,388671,393323,182.4,5758,8251,7.4, , , , , ,6.4,41.1,1.3,3.8,15.7,11.8,5.8,3.3,2.9,83.5,33,4.1,3,153,1275,472
CH,CH0,CH07,346539,350363,178093,179822,168446,170541,127.1,3840,3824,11, , , , , ,7.1,61,3.9,2.1,11.6,9.5,11.5,6.4,5.8,84.6,9,3.1,2,71,1131,293
CZ,CZ0,CZ01,1243201,1259079,640588,648703,602613,610376,2579.7,13372,15878,10.7,30100,110,37673,59465,47500,5.2,28,.8,2.8,18.7,15.8,10.6,2.8,2.5,80.3,16,1.1,16,773,2753,4540
CZ,CZ0,CZ02,1302336,1315299,659581,666054,642755,649245,121.1,10692,12963,8.2,13400,49,17559,27717,21200,7.9,34.1,1.2,4.7,23.2,18.5,11.2,3.5,2.9,79,30,2.1,9,366,1570,2009
CZ,CZ0,CZ03,1210176,1212423,612693,613687,597483,598736,71,2325,2247,1.9,13200,48,15959,25191,20800,11.1,46.4,1.8,3.6,23.9,20.3,8.9,3.9,3.5,79.1,25,2.1,10,411,778,1058
CZ,CZ0,CZ04,1125429,1123265,568985,567215,556444,556050,132.7,-1223,-2164,-1.1,10900,40,12288,19397,17200,23.5,58.3,4.3,7.6,40.3,32.7,17.6,7.3,6.5,77,43,3.9,15,630,1175,1594
CZ,CZ0,CZ05,1506503,1506813,765299,765116,741204,741697,123,30,310,0,12100,44,18296,28880,19200,17.3,44,2.3,6.5,39.3,32.9,11.6,5.2,4.7,79.3,36,2.3,13,363,905,1440
CZ,CZ0,CZ06,1680287,1682748,854484,855394,825803,827354,122.6,604,2461,.4,13700,50,23093,36451,21700,18.6,44.8,2.2,7.1,41.5,34.5,13.1,4.9,4.3,79.7,56,3.1,15,434,1330,821
CZ,CZ0,CZ07,1222655,1220972,624848,623893,597807,597079,134,-1101,-1683,-.9,12200,44,14910,23535,19300,15.9,49.5,2.6,4.2,32.1,27.9,10.6,5.3,5,78.9,35,2.9,13,329,593,730
CZ,CZ0,CZ08,1221832,1217676,623561,621286,598271,596390,229.6,-3038,-4156,-2.5,12300,45,14960,23614,19400,27.1,55.5,4.5,7.1,48.8,41.7,16.2,8.1,7.5,77.6,22,1.8,12,568,987,917
DE,DE1,DE11,3972881,4008288,2010593,2024243,1962288,1984045,378,35389,35407,8.9,46300,169,184808,177205,44400,22.2,30.3,1,17.6,73.3,55.7,7,3.3,2.9,82.5,110,3, , , , 
DE,DE1,DE12,2702831,2721266,1373807,1380383,1329024,1340883,392,21137,18435,7.8,40200,146,109149,104658,38600,18.3,38,1.3,9.6,48.1,38.5,5.8,3.3,3,81.9,72,3, , , , 
DE,DE1,DE13,2174500,2191622,1112118,1118568,1062382,1073054,233.3,19180,17122,8.8,35000,127,76468,73322,33600,8.7,28.8,.7,6.8,30.2,23.4,4.7,2.5,2.2,82.2,70,3.6, , , , 
DE,DE1,DE14,1781066,1795468,904054,909227,877012,886241,200.5,14691,14402,8.2,38900,142,69632,66767,37300,9.4,31.8,1,6.8,29.4,22.7,6,3,2.6,82.4,41,2.6, , , , 
DE,DE2,DE21,4469342,4519979,2275078,2297408,2194264,2222571,256.4,44811,50637,10,51200,186,229930,220471,49100,20.1,30.2,.8,8,66.4,58.4,3.4,2.7,2.6,82.6,107,2.4, , , , 
DE,DE2,DE22,1189153,1197558,599130,602077,590023,595481,115.5,11138,8405,9.3,34800,127,41522,39814,33400,5.6,33.6,.9, ,16.7,14, ,2.5,2.4,80.7,38,3.9, , , , 
DE,DE2,DE23,1077991,1082761,545381,547088,532610,535673,111.5,6972,4770,6.5,36700,134,39687,38054,35200,6.6,40,1.1, ,16.4,13.3, ,2.7,2.5,80.9,26,2.9, , , , 
DE,DE2,DE24,1056365,1055955,541330,540140,515035,515815,146.1,3769,-410,3.6,32700,119,34513,33094,31300,8.7,40.6,1.6, ,21.4,17.8, ,3.8,3.6,81,22,2.7, , , , 
DE,DE2,DE25,1707376,1715195,872612,875727,834764,839468,236.2,10198,7819,6,38800,141,66333,63604,37200,7.7,27.9,.8,5.1,27.5,22.5,5.2,3,2.8,81.2,44,2.8, , , , 
DE,DE2,DE26,1297992,1298849,659140,658847,638852,640002,152.2,3673,857,2.8,36300,132,47170,45229,34800, , , , ,21.2,16.7, ,3,2.7,81.9,33,3.1, , , , 
DE,DE2,DE27,1806025,1821271,914422,920316,891603,900955,181.5,16957,15246,9.3,35800,130,64909,62238,34300,8.6,29.9,.9, ,28.7,24.2, ,3,2.8,82,46,2.9, , , , 
DE,DE3,DE30,3421829,3469849,1752038,1773631,1669791,1696218,3863,42966,48020,12.5,34200,124,117750,112906,32800,86.3,50,4.7,22.5,172.5,150,15.2,9.4,8.9,80.9,103,2.8, , , , 
DE,DE4,DE40,2449193,2457872,1243753,1247398,1205440,1210474,82.7,18330,8679,7.5,25300,92,62150,59593,24300,39.2,53.6,3.1,5.4,73.1,67.7,8,5.7,5.6,80.7,57,2.9, , , , 
DE,DE5,DE50,657391,661888,336203,337465,321188,324423,1574.3,5723,4497,8.7,46000,168,30360,29111,44100,6.4,36,2, ,17.9,14.9, ,5.6,5.2,80.1,35,5.6, , , , 
DE,DE6,DE60,1746342,1762791,898396,905345,847946,857446,2323.9,14190,16449,8.1,59000,215,103566,99305,56600,18,43.7,1.9,5.8,41.2,35.4,7.4,4.3,4,81.2,63,3.3, , , , 
DE,DE7,DE71,3822479,3863818,1949875,1968171,1872604,1895647,516.2,41094,41339,10.7,46600,170,178983,171620,44700,32.1,38.5,1.6,12.7,83.2,70.5,7,4.1,3.8,81.9,130,3.6, , , , 
DE,DE7,DE72,1023150,1029020,521551,523148,501599,505872,190.7,8421,5870,8.2,31200,114,32016,30699,29900,7.8,38.6,1.5, ,20.3,16.1, ,3.8,3.4,81.3,27,3.2, , , , 
DE,DE7,DE73,1199796,1201050,611400,610817,588396,590233,144.8,5500,1254,4.6,33800,123,40518,38851,32400,8.4,37.5,1.4, ,22.5,18.3, ,3.6,3.3,81.2,25,2.6, , , , 
DE,DE8,DE80,1596505,1599138,810174,811193,786331,787945,68.8,8721,2633,5.5,24200,88,38634,37045,23200,35.9,57.1,4.5,5.3,62.9,57.6,10.7,7.8,7.6,80.4,29,2.3, , , , 
DE,DE9,DE91,1574936,1579754,801505,802293,773431,777461,194.7,10699,4818,6.8,39100,142,61663,59126,37500,18.5,47.6,2.3, ,39,35, ,4.9,4.8,80.7,44,3.4, , , , 
DE,DE9,DE92,2099079,2108413,1077719,1080901,1021360,1027512,232.5,15822,9334,7.5,34700,126,73047,70042,33300,22,43.4,2.1,8,50.8,42.7,7.7,4.7,4.4,80.7,54,3, , , , 
DE,DE9,DE93,1670199,1677715,850143,852997,820056,824718,108,12556,7516,7.5,25200,92,42256,40518,24200,14.3,46.5,1.6,5.7,30.7,25,6.6,3.5,3.2,80.7,56,4.1, , , , 
DE,DE9,DE94,2446345,2460857,1239315,1244459,1207030,1216398,163.9,18268,14512,7.4,31700,115,77693,74496,30400,20,40,1.6,7.6,49.9,42.3,5.7,3.9,3.7,80.8,79,3.6, , , , 
DE,DEA,DEA1,5088748,5108290,2625494,2631003,2463254,2477287,963.4,33177,19542,6.5,38500,140,196222,188149,36900,74.8,49.9,3,20.6,149.9,129.3,8.9,5.9,5.6,80.5,192,4.3, , , , 
DE,DEA,DEA2,4333015,4361724,2219854,2230860,2113161,2130864,590.4,32536,28709,7.5,37900,138,164845,158063,36400,45.3,43.5,2.1,14.5,104.2,89.7,6.9,4.8,4.6,81.2,111,2.8, , , , 
DE,DEA,DEA3,2574148,2580664,1314742,1316386,1259406,1264278,372.6,11487,6516,4.5,31200,114,80420,77112,29900,22.6,39.7,1.7,12.3,57,44.8,8.2,4.4,3.9,80.9,96,4.3, , , , 
DE,DEA,DEA4,2024392,2029648,1032779,1033603,991613,996045,310.7,8510,5256,4.2,34900,127,70827,67913,33500,21.3,43.7,2.1,9.3,48.7,39.4,8.5,4.7,4.2,81.4,63,3.5, , , , 
DE,DEA,DEA5,3551553,3557772,1820019,1820243,1731534,1737529,443.7,18343,6219,5.2,32300,118,114906,110179,31000,44.3,44.9,2.5,16.6,98.7,82.1,9.4,5.7,5.2,80.2,148,4.9, , , , 
DE,DEB,DEB1,1474378,1477202,751269,751647,723109,725555,182.8,8573,2824,5.8,30500,111,45034,43182,29300,7.6,29.3,1, ,26,21.5, ,3.4,3.2,80.8,32,2.7, , , , 
DE,DEB,DEB2,519136,521863,263487,264198,255649,257665,105.7,4033,2727,7.7,28400,103,14789,14181,27200, , , , ,8.1,6.1, ,2.9,2.5,81.2,16,3.7, , , , 
DE,DEB,DEB3,2000852,2012517,1020633,1025202,980219,987315,292.9,15490,11665,7.7,34000,124,68312,65501,32600,14.4,34.1,1.4,10.7,42.2,31.5,9.7,4.1,3.4,81.4,52,3, , , , 
DE,DEC,DEC0,990718,989035,508284,506436,482434,482599,385.3,3518,-1683,3.6,34000,124,33685,32299,32600,13.9,51.1,2.9, ,27.3,22.5, ,5.6,5.1,80.2,24,3.3, , , , 
DE,DED,DED2,1590927,1592765,808813,808495,782114,784270,200.7,5996,1838,3.8,27100,99,43186,41409,26000,26,51.4,3.2,5.4,50.7,45.2,9.5,6.2,6,81.6,38,2.6, , , , 
DE,DED,DED4,1468954,1463341,752937,748578,716017,714763,224.7,3504,-5613,2.4,25100,91,36741,35229,24000,23.1,58.9,3.2, ,39.2,35.9, ,5.4,5.3,80.9,26,2.3, , , , 
DE,DED,DED5,986504,999168,505471,510594,481033,488574,250.4,14613,12664,14.7,29400,107,29170,27970,28200,19.9,49.1,3.8, ,40.6,37, ,7.7,7.6,80.8,20,2.1, , , , 
DE,DEE,DEE0,2244577,2235548,1145944,1139751,1098633,1095797,109.5,4737,-9029,2.1,24900,91,55845,53547,23900,51.6,56.9,4.6,9.3,90.8,81.5,13.1,8,7.7,79.8,42,2.5, , , , 
DE,DEF,DEF0,2815955,2830864,1443924,1449413,1372031,1381451,178.7,23792,14909,8.4,29900,109,84364,80894,28700,24.6,41.5,1.7,11.6,59.2,47.6,8.2,4.2,3.7,80.8,71,3.1, , , , 
DE,DEG,DEG0,2160840,2156759,1097153,1093829,1063687,1062930,133.5,4989,-4081,2.3,25300,92,54549,52305,24200,29.4,46.2,2.7,7,63.5,56.6,9.6,5.8,5.5,80.6,42,2.3, , , , 
DK,DK0,DK01,1749405,1768125,892401,901293,857004,866832,687.6,12797,18720,7.3,58100,211,102153,75719,43000,18.5,28.4,1.9,14.6,65.2,50.7,10,6.7,6.1,80.7,82,3.9,21,7623,15625,5992
DK,DK0,DK02,816726,820480,411478,412814,405248,407666,113.3,5606,3754,6.8,31600,115,25875,19179,23400,6.8,29,1.7,6.4,23.6,17.2,11.3,5.9,5,80,34,5.2,18,1127,7741,3280
DK,DK0,DK03,1202509,1205728,603073,603899,599436,601829,98.2,3695,3219,3.1,41300,151,49785,36903,30700,9.3,25.6,1.6,10.3,36.4,26.1,11.4,6.1,5.1,80.8,47,4.2,9,1544,9636,4712
DK,DK0,DK04,1277538,1282750,639572,641688,637966,641062,98.4,2922,5212,2.3,41300,150,52923,39228,30600,9.1,24.6,1.4,11.3,37,25.7,10.4,5.6,4.7,81.2,50,3.8,11,1799,8379,4546
DK,DK0,DK05,581057,582632,288432,289007,292625,293625,73.8,1930,1575,3.3,39600,144,23028,17069,29300,4.8,25.8,1.6,6.1,18.7,12.6,12.8,6.3,5.1,80.9,16,3,3,593,3343,2167
EE,EE0,EE00,1315819,1313271,700900,698882,614919,614389,30.3,-615,-2548,-.5,15200,55,19963,27526,20900,16.2,38.3,2.4,7.4,42.3,34.8,13.1,6.2,5.6,77.4,36,2.7, , , , 
ES,ES1,ES11,2747226,2734656,1418853,1412642,1328373,1322014,93.4,-2271,-12570,-.8,19700,72,53858,60160,22000,133.2,54.7,10.6,27.9,243.4,215.6,43.5,19.3,18,83.4,39,2,17,1440,2731,1934
ES,ES1,ES12,1058975,1049875,551824,547513,507151,502362,99.8,-2888,-9100,-2.7,19700,72,20793,23226,22000,48.8,54.9,10.5,8.4,88.9,80.4,41.9,19.1,18.1,82.5,14,2.1,19,612,770,665
ES,ES1,ES13,587682,585359,300203,299155,287479,286204,111.4,-989,-2323,-1.7,20200,74,11864,13252,22600,25.2,51.6,9.1,4.9,48.9,44,39.6,17.6,16.6,83.1,10,2.2,2,397,604,396
ES,ES2,ES21,2167166,2165100,1114077,1114232,1053089,1050868,299.6,-1279,-2066,-.6,29300,107,63394,70812,32700,81.2,53.5,7.9,19.5,151.9,132.5,40.4,14.8,13.5,83.9,43,2.2,10,2791,4366,1179
ES,ES2,ES22,636450,636402,320515,320832,315935,315570,61.5,-720,-48,-1.1,27700,101,17623,19685,30900,19.3,45.4,6.3,6.4,42.4,36,38.1,13.8,12.4,83.9,17,2.7,3,218,854,207
ES,ES2,ES23,315223,313569,158978,158548,156245,155021,62.4,-1602,-1654,-5.1,24600,90,7727,8631,27500,11.4,47.9,7.4,3.6,23.7,20.1,40.6,15.4,13.9,84.2,6,2.1,2,220,489,165
ES,ES2,ES24,1331301,1326403,670198,668312,661103,658091,28,-2758,-4898,-2.1,24700,90,32828,36669,27600,48.6,46.1,7.5,16.4,105.3,89,41.2,16.3,14.7,83.2,29,2.5,10,1620,2184,1017
ES,ES3,ES30,6378297,6385298,3312721,3318522,3065576,3066776,801,-15440,7001,-2.4,30700,112,196118,219068,34300,322.1,55.7,9.5,97.1,578.3,481.3,44.2,17.1,15.2,84.9,201,3.1,51,20832,13005,13739
ES,ES4,ES41,2495689,2478079,1260194,1252055,1235495,1226024,26.5,-7709,-17610,-3.1,21100,77,52348,58473,23500,105.7,50.4,9.2,29.9,209.8,179.8,48,18.3,16.6,84.1,44,2.5,10,1321,2802,1410
ES,ES4,ES42,2075197,2062767,1030441,1024902,1044756,1037865,26.2,-12443,-12430,-6,17600,64,36463,40730,19700,137.5,52.8,13.9,42.4,260.7,218.3,57.2,26.3,23.8,83.7,39,2.1,12,1220,5049,1876
ES,ES4,ES43,1096421,1091623,550969,548643,545452,542980,26.8,-3166,-4798,-2.9,15500,56,16907,18885,17300,67,45.8,13.3,21.7,146.4,124.7,55.4,29.1,26.9,82.7,25,2.7,3,441,1187,610
ES,ES5,ES51,7416237,7396991,3774584,3770853,3641653,3626138,232,-29516,-19246,-4,26600,97,197004,220058,29700,394.4,56.1,10.4,115.2,703.1,587.9,42.3,18.6,16.8,83.6,196,2.7,97,25154,21337,12538
ES,ES5,ES52,4956427,4939674,2503704,2497803,2452723,2441871,213.8,-19546,-16753,-4,19700,72,97430,108831,22000,282.4,51.1,11.6,84.1,552.6,468.4,48.3,22.8,20.8,82.8,125,2.8,46,10385,23268,8033
ES,ES5,ES53,1115841,1124972,557210,562431,558631,562541,224.8,6305,9131,5.6,23500,86,26329,29410,26200,41.1,38.6,6.7,18.9,106.7,87.8,42.2,17.3,15.4,83,27,2.5,6,1476,3476,1970
ES,ES6,ES61,8388875,8399618,4238402,4245958,4150473,4153660,96.8,-5130,10743,-.6,16600,60,139099,155377,18500,598.7,47,14.8,177.6,1275,1097.4,56.8,31.5,29.4,82.1,280,3.4,78,12194,20541,14065
ES,ES6,ES62,1461803,1463773,727748,729504,734055,734269,129.5,-3941,1970,-2.7,18300,67,26808,29945,20500,84.6,48.9,12,29.6,173,143.4,50.6,24.6,22.3,82.8,48,2.9,15,1581,4972,2393
ES,ES6,ES63,84674,84692,41415,41568,43259,43124,4457,-675,18,-8,18700,68,1580,1765,20900,6.9,66.9,18.5,2.7,10.3,7.6,79.2,27.6,22.4,80.6,6,5,1,189,93,436
ES,ES6,ES64,83870,84570,41006,41428,42864,43142,6478.5,-440,700,-5.2,16700,61,1406,1571,18700,7.6,62.6,21.3,2.5,12.1,9.6,72,34,29.8,80.7,9,5.5,0,194,156,250
ES,ES7,ES70,2114845,2126144,1061696,1068118,1053149,1058026,284.9,9232,11299,4.4,19200,70,40753,45522,21500,193.6,59.8,17.4,42,323.6,281.6,53.5,29.1,27.3,82.5,44,2.7,17,1944,3750,2929
FI,FI1,FI19,1374403,1377281,694433,695641,679970,681640,23.6,2509,2878,1.8,33800,123,46476,37445,27200,16.1,24.7,2.4,20.4,64.9,44.5,24.1,9.8,7.7,81.4,29,2,26,261,1678,1837
FI,FI1,FI1B,1585473,1603388,816292,824895,769181,778493,175.3,11527,17915,7.2,49200,179,78461,63214,39600,17.2,24.6,2,19.4,69.8,50.3,19.1,8,6.6,81.8,35,2,26,651,1544,4275
FI,FI1,FI1C,1161882,1161706,593793,593337,568089,568369,36.9,1526,-176,1.3,33100,121,38496,31015,26700,14.4,26.5,2.7,14.3,54.5,40.2,22.7,10,8.3,81.1,29,2.7,13,284,1482,2754
FI,FI1,FI1D,1300846,1300462,652024,651547,648822,648915,6.4,-344,-384,-.3,31100,113,40414,32561,25000,13.6,22,2.3,18.8,62.1,43.3,25.1,10.4,8.3,80.7,31,2.3,47,287,1712,2244
FI,FI2,FI20,28666,28916,14364,14470,14302,14446,18.6,219,250,7.6,47000,171,1354,1091,37900, , , , , , , , , ,83,0,0,0,1,21,22
FR,FR1,FR10,12014814,12073914,6207720,6237237,5807094,5836677,1002.7,-53113,59100,-4.4,53900,196,649101,589853,49000,251.9,45.3,4.3,111,555.7,444.7,23.2,9.6,8.3,84.4,632,3.5,139,57179,41053,47777
FR,FR2,FR21,1339253,1339661,687250,687442,652003,652219,52.3,-2158,408,-1.6,28300,103,37811,34360,25700,32.2,43.3,5.6,18.6,74.3,55.8,30.3,13,10.9,81.9,46,3,13,1162,3307,3690
FR,FR2,FR22,1930095,1933196,987169,988790,942926,944406,99.6,-3623,3101,-1.9,23700,86,45769,41592,21600,39.4,43.3,4.7,22.2,91.1,68.9,22.8,10.8,9.2,81.1,87,3.7,18,1997,4721,6348
FR,FR2,FR23,1852494,1855105,956521,957671,895973,897434,150.5,-3331,2611,-1.8,28100,102,52164,47402,25600,37.2,43.2,4.6,20.5,86.1,65.7,23.9,10.6,9,81.5,80,3.6,29,2776,4665,5116
FR,FR2,FR24,2576196,2582374,1325373,1328982,1250823,1253392,65.9,1873,6178,.7,26700,97,68883,62596,24300,49.1,41.6,4.4,23.9,118,94.2,24.5,10.7,9.3,82.9,101,3.5,25,2062,6912,6575
FR,FR2,FR25,1479105,1479552,762163,762214,716942,717338,84.1,50,447,0,25800,94,38084,34608,23400,22.9,43.8,3.6,11.5,52.3,40.8,18.7,8.2,7.1,82.3,47,3.1,10,720,2173,2243
FR,FR2,FR26,1642106,1641858,846005,845554,796101,796304,52,257,-248,.2,27100,99,44344,40296,24600,25.6,41.7,3.6,17,61.4,44.4,22.4,8.7,7,82.3,63,3.8,14,921,3474,3655
FR,FR3,FR30,4066697,4073657,2101496,2104251,1965201,1969406,327.9,-12357,6960,-3,25700,94,104461,94926,23400,125,52.4,7.3,54.4,238.5,184.1,30.1,14,12.1,80.6,177,3.2,31,6958,12573,11611
FR,FR4,FR41,2342053,2339019,1198583,1196827,1143470,1142192,99.4,-6667,-3034,-2.8,24000,87,56299,51160,21800,57.6,46,5.6,32.4,125.2,92.8,29,12.2,10.1,81.9,69,2.7,17,1952,5172,4456
FR,FR4,FR42,1874608,1881725,959342,963158,915266,918567,226.8,-45,7117,0,29300,107,54904,49892,26700,34.1,41.1,3.8,24.5,82.9,58.4,26.8,9.3,7.3,82.8,82,3.7,20,1701,3464,2898
FR,FR4,FR43,1178198,1179184,599035,599561,579163,579623,72.7,-2035,986,-1.7,23300,85,27509,24998,21200,21.5,45,4.1,13.8,47.8,34,24,9.2,7.3,82.6,45,3.3,11,587,2217,2032
FR,FR5,FR51,3688401,3716068,1890402,1904342,1797999,1811726,115.4,15116,27667,4.1,28800,105,106572,96845,26200,52.4,34.2,3.1,41.3,153.1,111.9,23.8,9.1,7.4,83.5,122,2.8,26,1628,6742,8244
FR,FR5,FR52,3276395,3294302,1683192,1691612,1593203,1602690,120.7,14809,17907,4.5,26700,97,87752,79742,24300,34.9,30.2,2.4,26.5,115.5,89,18.7,7.8,6.7,82.3,110,3.1,31,1581,4738,5376
FR,FR5,FR53,1794699,1800450,925142,927984,869557,872466,69.6,6557,5751,3.6,26300,96,47257,42944,23900,37,49.3,4.8,17.8,75,57.1,24,9.7,8.2,83.1,51,2.9,8,647,4183,4495
FR,FR6,FR61,3343852,3370936,1733189,1746548,1610663,1624388,81.3,25114,27084,7.5,27800,101,93061,84567,25300,60.5,40.7,4,33.9,148.6,114.8,23.5,9.8,8.3,83.1,119,3.5,36,2641,9214,7975
FR,FR6,FR62,2977212,3001073,1526932,1538833,1450280,1462240,65.9,18859,23861,6.3,29200,106,86860,78932,26500,43.2,37.8,3.2,23,114.1,91,23.4,8.5,7.3,83.7,89,2.7,24,3651,8799,6952
FR,FR6,FR63,735320,733457,380646,379602,354674,353855,43.3,217,-1863,.3,24200,88,17804,16179,22000,11.3,39.7,3.6,7.4,28.5,21.1,23.7,8.9,7.3,82.6,28,4.2,6,254,1086,1031
FR,FR7,FR71,6454372,6510561,3307793,3335828,3146579,3174733,148.3,21788,56189,3.4,32000,116,207243,188326,29100,101.3,37,3.4,61.8,273.5,211.7,20.5,9.1,7.8,84,272,3.3,52,7416,19495,19399
FR,FR7,FR72,1360637,1364025,701330,702980,659307,661045,52.4,4424,3388,3.2,25800,94,35046,31847,23400,20.3,40.9,3.5,9.9,49.7,39.8,19.4,8.6,7.6,82.5,46,3.4,14,663,2010,2321
FR,FR8,FR81,2760428,2790792,1436107,1451733,1324321,1339059,101.4,26783,30364,9.6,24300,89,67451,61294,22100,71.2,48.4,6.3,32.1,147.1,114.9,31.9,12.9,11.1,82.9,100,3.3,37,5205,13970,12654
FR,FR8,FR82,4971622,4989435,2590195,2598204,2381427,2391231,158.6,4959,17813,1,30800,112,153031,139062,28000,98.3,41.1,4.5,43.5,239.1,195.7,24.1,11,9.8,83.3,194,3.3,95,19165,25982,29335
FR,FR8,FR83,323521,326898,165754,167515,157767,159383,37.5,3437,3377,10.6,27000,98,8771,7970,24500, , , , ,6.7, , ,8.5, ,83.1,11,3.7,19,172,574,1013
FR,FR9,FR91,438635, ,235506, ,203129, , , , , , , , , , , , , , , , , , , , , , , , , , 
FR,FR9,FR92,381326, ,206520, ,174806, , , , , , , , , , , , , , , , , , , , , , , , , , 
FR,FR9,FR93,250377, ,125218, ,125159, , , , , , , , , , , , , , , , , , , , , , , , , , 
FR,FR9,FR94,844994, ,436606, ,408388, , , , , , , , , , , , , , , , , , , , , , , , , , 
GB,UKC,UKC1,1183828,1188625,604397,606578,579431,582047,392.8,3513,4797,3,23800,87,28237,24220,20500,18.3,38.3,3.3,19.5,47.8,28.4,25.1,8.5,5.8,79.6,61,4.6, , , , 
GB,UKC,UKC2,1430989,1437134,729771,732137,701218,704997,258.2,5861,6145,4.1,26800,98,38465,32993,23000,21.3,38.8,3,19.4,54.9,35.5,18.4,7.7,5.8,79.9,58,3.8, , , , 
GB,UKD,UKD1,498520,498767,252836,252828,245684,245939,73.7,814,247,1.6,30200,110,15027,12889,25900,5.1,46.7,2, ,10.9,7.5, ,4.2,3.4,81.3,21,4.4, , , , 
GB,UKD,UKD3,2725339,2745985,1375026,1384111,1350313,1361874,2144,8064,20646,2.9,29400,107,80253,68837,25200,27.6,31,2,33.6,89.1,55.5,15.7,6.5,4.8,79.7,164,4.5, , , , 
GB,UKD,UKD4,1470707,1475512,745471,747296,725236,728216,479,2584,4805,1.8,26300,96,38687,33184,22500,9.5,29,1.3,10.9,32.7,21.8,10.2,4.5,3.6,80.1,78,4.5, , , , 
GB,UKD,UKD6,911528,916335,464502,466788,447026,449547,403.7,3883,4807,4.2,39500,144,36079,30947,33900,4.3,26.9,1,6.2,16,9.8,10.3,3.5,2.5,81.6,45,4.7, , , , 
GB,UKD,UKD7,1514303,1519703,777845,780098,736458,739605,2095.4,3272,5400,2.2,26000,95,39511,33890,22300,14.9,35.7,2.1,15.1,41.8,26.7,15.5,5.8,4.3,79.7,64,3.6, , , , 
GB,UKE,UKE1,924958,928325,467862,469237,457096,459088,263.5,2436,3367,2.6,26500,96,24447,20970,22700,10,34.7,2.2,10.1,28.8,18.7,15.3,6.4,4.9,80.8,29,2.8, , , , 
GB,UKE,UKE2,807101,809768,409843,411276,397258,398492,97.3,2875,2667,3.6,31300,114,25191,21608,26800, , , ,7.2,13.2,6,13.2,3.2,1.6,82.6,24,3.1, , , , 
GB,UKE,UKE3,1361786,1370297,688813,692460,672973,677837,880.4,5198,8511,3.8,24400,89,33349,28605,20900,11.7,24.4,1.8,15.7,48,32.4,15.4,7.4,5.9,80.4,69,4.3, , , , 
GB,UKE,UKE4,2262880,2279137,1149670,1157034,1113210,1122103,1119.1,5483,16257,2.4,29100,106,65882,56510,25000,26.8,35.6,2.4,31.9,75.3,43.4,18.7,6.6,4.5,80.4,136,4.5, , , , 
GB,UKF,UKF1,2141117,2156043,1083148,1090330,1057969,1065713,449.1,10700,14926,5,28000,102,60075,51529,24000,14,26.6,1.3,17.5,52.6,35.1,11,4.8,3.8,80.9,126,5.2, , , , 
GB,UKF,UKF2,1745978,1763444,882820,891153,863158,872291,358,10753,17466,6.1,30800,112,54089,46395,26400,12.2,30.3,1.4,14.3,40.2,25.9,10.8,4.4,3.4,81.8,84,4, , , , 
GB,UKF,UKF3,726897,733618,372346,375458,354551,358160,123.3,6429,6721,8.8,25900,94,18919,16227,22200, , , ,6.8,16.1,9.3,13.9,4.5,3,82,21,2.7, , , , 
GB,UKG,UKG1,1310376,1318252,664243,667638,646133,650614,222.9,7028,7876,5.3,31200,113,40978,35148,26700,6.3,29.1,.9,8.2,21.7,13.4,10,3.2,2.3,82.1,66,4.9, , , , 
GB,UKG,UKG2,1587265,1595124,799442,803027,787823,792097,256.6,5600,7859,3.5,26300,96,41815,35867,22500,11.3,30.2,1.4,13.2,37.5,24.3,11.3,4.6,3.5,81.5,81,4.7, , , , 
GB,UKG,UKG3,2793630,2819161,1415407,1427248,1378223,1391913,3112.5,10219,25531,3.6,27700,101,77665,66617,23700,39.1,38.6,3.1,35.7,101.4,65.7,19.3,7.9,6,80.1,241,6.1, , , , 
GB,UKH,UKH1,2437219,2458326,1232288,1241864,1204931,1216462,194.9,16548,21107,6.8,32300,118,79072,67824,27700,13.8,25.2,1.1,21.2,54.9,33.7,11.6,4.3,3.1,82.5,105,3.8, , , , 
GB,UKH,UKH2,1783892,1807466,905705,917303,878187,890163,623.8,14011,23574,7.8,36100,131,64867,55639,30900,12.5,34.2,1.3,13.8,36.6,22.9,12.4,3.8,2.7,82.5,82,3.5, , , , 
GB,UKH,UKH3,1760630,1779311,899914,909067,860716,870244,482.3,14184,18681,8,28300,103,50143,43010,24300,10.9,27.8,1.2,14.3,39.3,25,11.8,4.3,3.2,81.9,75,3.6, , , , 
GB,UKI,UKI1,3354812, ,1678653, ,1676159, , , , , , , , , , , , , , , , , , , , , , , , , , 
GB,UKI,UKI2,5117623, ,2597918, ,2519705, , , , , , , , , , , , , , , , , , , , , , , , , , 
GB,UKJ,UKJ1,2325777,2349644,1173720,1185299,1152057,1164345,407.2,11483,23867,4.9,47900,174,111967,96040,41100,12.3,27.8,1,15.6,44.2,28.6,10.5,3.5,2.5,82.8,97,3.3, , , , 
GB,UKJ,UKJ2,2797596,2823355,1430858,1443062,1366738,1380293,516.2,21939,25759,7.8,36900,134,103686,88936,31600,11.6,21.7,.8,23.1,53.4,30.3,11.7,3.7,2.4,82.9,101,3.3, , , , 
GB,UKJ,UKJ3,1933610,1948783,979210,986452,954400,962331,467.8,10537,15173,5.4,35800,130,69369,59501,30700,6.1,15,.6,16.4,40.9,24.5,11.9,4.1,2.8,82.6,66,3, , , , 
GB,UKJ,UKJ4,1771366,1790625,901983,911115,869383,879510,476.7,14664,19259,8.2,28100,102,50140,43008,24100,13.7,28.3,1.5,20,48.4,28.4,14.8,5.3,3.7,81.7,69,3.3, , , , 
GB,UKK,UKK1,2402032,2425432,1215286,1226502,1186746,1198930,323.3,15884,23400,6.6,36000,131,86831,74479,30800,12.9,25.8,1,18.1,49.9,31.8,10.8,3.9,2.8,82.5,88,3.1, , , , 
GB,UKK,UKK2,1296434,1305630,660456,664922,635978,640708,213.2,10151,9196,7.8,28800,105,37515,32179,24700,5.7,22,.9,11.8,26,14.2,12.1,3.9,2.5,82.9,41,3.2, , , , 
GB,UKK,UKK3,546574,551346,281313,283643,265261,267703,154.1,5214,4772,9.5,24200,88,13230,11348,20700, , , ,5.6,12,6.4,14.7,4.5,2.8,81.7,21,3.9, , , , 
GB,UKK,UKK4,1151663,1160778,589259,593162,562404,567616,172.4,9799,9115,8.5,27300,100,31711,27200,23500,5.1,23.5,.9,9.5,21.7,12.1,11.4,3.7,2.4,82.2,42,3.6, , , , 
GB,UKL,UKL1,1947877,1955412,990355,993023,957522,962389,149,7886,7535,4,22000,80,42879,36779,18900,21.9,35.8,2.3,28.7,61.2,32.5,21,6.5,4.1,80.6,73,3.5, , , , 
GB,UKL,UKL2,1147249,1154728,582135,585458,565114,569270,150.8,5023,7479,4.4,28900,105,33097,28389,24800,6.5,24.2,1.2,13.2,26.7,13.5,16.1,4.8,2.8,81.4,50,3.9, , , , 
GB,UKM,UKM2,2049771,2061215,1053624,1059222,996147,1001993,114.5,9233,11444,4.5,31700,115,65091,55831,27200,20.1,31.7,1.9,25.9,63.5,37.5,16.4,6,4.1,80.4,82,3.8, , , , 
GB,UKM,UKM3,2334318,2337481,1209409,1210479,1124909,1127002,178.9,3305,3163,1.4,29100,106,68059,58377,25000,24.2,32.8,2.2,25.6,73.9,48.3,15.2,6.6,5.1,78.6,89,3.6, , , , 
GB,UKM,UKM5,486500,490804,245192,247268,241308,243536,75.2,3355,4304,6.9,52400,191,25639,21991,44900, , , ,4,9,5,8.3,3.2,2.2,80,24,4.5, , , , 
GB,UKM,UKM6,466872,466982,237625,237695,229247,229287,11.6,559,110,1.2,29900,109,13956,11971,25600, , , , ,12.7,9, ,4.1,3.4,81,8,1.8, , , , 
GB,UKN,UKN0,1837275,1847088,935831,940245,901444,906843,135.8,40,9813,0,26100,95,48078,41239,22400,31.2,58.3,3.6,22.7,53.5,30.7,19.9,6.1,4.1,80.8,116,4.8, , , , 
HU,HU1,HU10,2965413,2983733,1569663,1578745,1395750,1404988,430.1,24119,18320,8.1,16700,61,49740,87794,29500,41.1,54.5,2.9,10.7,75.6,64.9,13.2,5.3,4.9,77.4,108,3.8,55,1797,8124,5740
HU,HU2,HU21,1069190,1063408,553557,550648,515633,512760,96.2,-2105,-5782,-2,9500,35,10160,17932,16800,10.5,46.4,2.1,4.1,22.7,18.6,9.7,4.4,4,75.8,42,4.3,11,315,1453,570
HU,HU2,HU22,984521,983925,510763,510047,473758,473878,86.9,3543,-596,3.6,11100,40,10885,19214,19500,6.7,37.8,1.4,4.5,17.8,13.3,12.3,3.8,3.1,76.1,44,5.2,8,188,1262,451
HU,HU2,HU23,917492,909130,481087,476530,436405,432600,64.3,-4042,-8362,-4.4,7000,26,6412,11317,12400,14.4,44.9,3.7,6,32.1,26.2,18.9,8.1,7.2,75.5,44,5.4,13,182,2253,443
HU,HU3,HU31,1176894,1164813,616837,610126,560057,554687,87.2,-7106,-12081,-6.1,6600,24,7725,13636,11600,18.7,43.6,3.8,8.6,42.9,34.3,20,8.7,7.6,74.4,61,5.2,12,324,2174,320
HU,HU3,HU32,1484375,1479522,771522,768161,712853,711361,83.6,-1677,-4853,-1.1,6700,24,9897,17469,11800,28.8,40.1,4.4,14.9,71.8,56.9,25.1,10.9,9.5,75.3,67,4.4,16,354,2861,490
HU,HU3,HU33,1279480,1271040,670545,665535,608935,605505,69.5,-1660,-8440,-1.3,7400,27,9420,16626,13000,20.2,44.8,3.5,10.2,45,34.9,21.9,7.9,6.7,75.5,52,4.7,17,236,1738,610
IE,IE0,IE01,1232783,1226421,617365,614940,615418,611481,38.3,-15083,-6362,-12.3,27100,98,33186,29781,24300,33.1,57.1,6,11.7,57.9,46.2,24.6,10.6,9.2,81.5,68,4, , , , 
IE,IE0,IE02,3372718,3402528,1709911,1726926,1662807,1675602,93.3,434,29810,.1,46000,167,155860,139865,41300,81.3,55.8,5,27.6,145.7,118.1,19.6,9,8,81.4,156,3.1, , , , 
LT,LT0,LT00,2943472,2921262,1587477,1575005,1355995,1346257,46.8,-12327,-22210,-4.2,12400,45,36444,60411,20600,57.5,42.9,3.9,20.4,134,113.6,16.3,9.1,8.5,74.7,118,3.9,217,2727,4905,2060
NL,NL1,NL11,582728,583942,292908,293102,289820,290840,250.9,1125,1214,1.9,49000,178,28563,26098,44800,12,43.5,4,7.4,27.5,20.2,13.2,9.1,8.2,80.7,29,5.4, ,288,2864,252
NL,NL1,NL12,646317,646257,323075,322859,323242,323398,194.4,-587,-60,-.9,28000,102,18093,16531,25600,11.7,44.5,3.5,7.9,26.3,18.4,15.6,7.9,6.6,81.6,27,4.3, ,97,2077,149
NL,NL1,NL13,488988,488576,246758,246314,242230,242262,185.4,-97,-412,-.2,28300,103,13820,12627,25800,8.4,45.4,3.4,4.7,18.5,13.8,12.6,7.5,6.6,81.9,13,3, ,83,1794,175
NL,NL2,NL21,1139697,1140652,569483,569758,570214,570894,343.1,-1514,955,-1.3,32000,117,36506,33354,29300,17,41.2,2.8,11.2,41.3,30.1,11.5,6.9,6,81.6,43,3.6, ,275,4491,415
NL,NL2,NL22,2019692,2026578,1021842,1024656,997850,1001922,407.2,4061,6886,2,33000,120,66709,60950,30100,28.9,43.6,2.7,16.6,66.2,49.6,10.1,6.3,5.6,81.9,69,3.5, ,720,11338,1666
NL,NL2,NL23,399893,401791,199943,200842,199950,200949,283.7,-888,1898,-2.2,30000,109,12042,11003,27400,8.1,48.2,3.8,4.6,16.9,12.2,14.5,7.9,6.7,82.3,12,2.4, ,323,2503,372
NL,NL3,NL31,1253672,1263572,639998,644684,613674,618888,910.7,4166,9900,3.3,46400,169,58412,53369,42400,18,40.5,2.6,12.1,44.5,32.4,11,6.4,5.5,82.2,67,4.5, ,660,9204,1165
NL,NL3,NL32,2741369,2761929,1391721,1401860,1349648,1360069,1032.9,12218,20560,4.4,48500,176,133358,121846,44300,39.1,41.9,2.6,21.4,93.4,72,9.3,6.2,5.7,81.8,129,4.3, ,3218,19263,3743
NL,NL3,NL33,3577032,3600011,1812105,1823599,1764927,1776412,1279.3,10931,22979,3,39500,144,141758,129520,36100,66.9,45.7,3.6,37.3,146.4,109,13,7.8,6.8,82,125,3.1, ,3574,23608,4055
NL,NL3,NL34,380621,380726,191947,192008,188674,188718,213.4,-10,105,0,30000,109,11429,10442,27400,3.9,37.2,2,2.6,10.5,7.9,8.1,5.3,4.8,82.8,7,1.9, ,91,1484,145
NL,NL4,NL41,2479274,2488751,1240606,1244895,1238668,1243856,505.6,6057,9477,2.4,40400,147,100261,91605,36900,35.4,40.8,2.7,22.7,86.7,64,10.5,6.5,5.7,81.7,81,3.3, ,1044,17265,2615
NL,NL4,NL42,1120006,1117941,564518,563291,555488,554650,520.9,17,-2065,0,32800,119,36693,33526,30000,14.1,39.7,2.5,9.2,35.6,26.4,10.4,6.3,5.5,81.6,28,3.2, ,519,6810,1737
NO,NO0,NO01,1209992,1232854,606320,617276,603672,615578,244,14752,22862,12.1, , , , , ,7.3,22.2,1,7,32.8,25.7,8.9,4.7,4.1,82.7,39,2.5,13,1030,1773,3293
NO,NO0,NO02,382230,383985,191524,192099,190706,191886,7.7,2326,1755,6.1, , , , , ,1.6,17.9,.8,2.5,8.9,6.4,9.4,4.5,3.8,81.2,8,2.3,1,32,626,620
NO,NO0,NO03,969415,976682,485691,488718,483724,487964,28.9,5914,7267,6.1, , , , , ,6.7,29.8,1.3,7.8,22.4,14.6,11.5,4.5,3.4,81.7,14,1.4,4,152,1936,2502
NO,NO0,NO04,751632,762031,371458,376401,380174,385630,32.1,6147,10399,8.1, , , , , ,3.5,18.8,.9,5.2,18.8,13.5,9.4,4.6,3.9,82.5,31,3.3,4,188,1345,1795
NO,NO0,NO05,875475,884316,431935,435800,443540,448516,18.8,5672,8841,6.4, , , , , ,4.3,23.5,.9,6.4,18.5,12.1,9.4,3.9,3,82.8,31,3.1,3,148,765,958
NO,NO0,NO06,441193,445838,218221,220362,222972,225476,11.5,3049,4645,6.9, , , , , ,2.2,25,.9,3.3,8.8,5.4,9.8,3.7,2.7,82.3,6,1.2,1,55,441,1071
NO,NO0,NO07,478033,480787,235814,236635,242219,244152,4.5,2056,2754,4.3, , , , , ,.8,9.9,.3,4.2,8.5,4.3,11.3,3.4,2,81.7,10,2.1,3,22,338,477
PL,PL1,PL11,2498861,2489844,1307796,1303013,1191065,1186831,137.8,-1994,-9017,-.8,10000,36,25055,43574,17400,42.6,41.4,3.2,21.3,102.9,81.6,20.6,7.7,6.6,76.3,99,4.4,34,1543,2554,1778
PL,PL1,PL12,5292567,5309778,2759439,2768325,2533128,2541453,150.9,13566,17211,2.6,17100,62,91188,158591,29800,54,28.7,1.9,38.6,188.2,149.6,18.5,6.4,5.5,78.2,214,3.7,62,2520,5464,3309
PL,PL2,PL21,3316097,3324579,1706936,1711095,1609161,1613484,221.7,3674,8482,1.1,9500,35,32053,55746,16600,43.5,44.6,3.2,24.5,97.6,73.1,20.9,7.1,5.8,79.1,109,3.2,24,2330,2921,1032
PL,PL2,PL22,4548177,4535705,2351917,2346024,2196260,2189681,373.9,-7361,-12472,-1.6,11100,40,50953,88614,19300,59.1,43.3,3.1,25.7,136.4,110.7,18.5,7.2,6.3,77,210,4.9,63,3818,6949,2569
PL,PL3,PL31,2134413,2126310,1099393,1095502,1035020,1030808,85.4,-5824,-8103,-2.7,7500,27,16062,27934,13000,46,43.6,4.1,22.7,105.5,82.7,29,9.3,7.9,77.8,83,4.2,23,736,1266,167
PL,PL3,PL32,2083546,2084264,1062860,1063108,1020686,1021156,118.1,-874,718,-.4,7600,28,16107,28012,13200,38.8,37.1,4.3,27.1,104.6,77.5,38.4,11.6,9.3,79,99,5,9,376,831,113
PL,PL3,PL33,1253041,1247951,641150,638651,611891,609300,107.6,-2219,-5090,-1.8,7800,28,9840,17113,13500,27.6,42,4.2,16,65.7,49.7,25.8,10.1,8.4,77.9,33,3.1,15,409,518,197
PL,PL3,PL34,1165447,1162369,596889,595311,568558,567058,58.5,-2257,-3078,-1.9,7700,28,9213,16022,13400,17.9,49.5,3.5,7.5,36.2,28.7,18.5,7,6,78.4,50,4.5,11,491,812,130
PL,PL4,PL41,3441440,3447689,1767403,1770154,1674037,1677535,117.2,306,6249,.1,11500,42,39811,69238,20000,38.1,47.3,2.8,21.1,80.5,59.4,16.1,5.8,4.7,77.8,160,4.3,26,912,2022,2055
PL,PL4,PL42,1691400,1688486,867724,866295,823676,822191,77.9,-2165,-2914,-1.3,8900,33,15371,26733,15600,17.4,39,2.9,9.5,44.8,35.2,23.3,7.5,6.3,77.6,83,5.3,36,775,2337,518
PL,PL4,PL43,1008564,1007442,517176,516628,491388,490814,73.4,-1285,-1122,-1.3,9000,33,9169,15946,15600,6.3,22.3,1.4, ,28.4,23.6, ,6.4,5.7,77.4,37,3.8,14,410,1072,465
PL,PL5,PL51,2869579,2868338,1488280,1487805,1381299,1380533,145.1,1495,-1241,.5,11900,43,34735,60409,20800,34,39.9,2.8,15.7,85.3,69.5,17.2,7,6.2,77.4,124,4.6,39,2340,4037,1517
PL,PL5,PL52,960226,956913,494882,493190,465344,463723,103.3,-2098,-3313,-2.2,8600,31,8672,15083,15000,8.4,30.7,2,5.5,27.2,21.8,16.6,6.5,5.7,78.1,40,4.7,11,250,1138,181
PL,PL6,PL61,2068417,2065846,1066152,1064989,1002265,1000857,118.2,-2574,-2571,-1.2,8700,32,18176,31610,15100,28,38.6,3.1,16.3,72.5,56.2,18.6,7.9,6.8,77.5,93,4.6,17,762,2130,823
PL,PL6,PL62,1421264,1418541,725374,723948,695890,694593,62.3,-3583,-2723,-2.5,7600,28,11047,19212,13300,26.7,45.8,4.3,10.6,58.2,47.6,24.1,9.5,8.3,77.4,67,4.8,22,472,1270,367
PL,PL6,PL63,2264817,2271559,1160521,1164413,1104296,1107146,129.1,2258,6742,1,10200,37,23393,40684,17700,23.8,33.8,2.2,18.6,70.4,51.7,18.6,6.6,5.4,78.2,82,3.3,30,1215,2620,1318
PT,PT1,PT11,3644195,3621785,1907357,1901150,1736838,1720635,170.7,-16127,-22410,-4.4,13900,50,50347,64612,17800,153.5,61.6,8.4,47.5,249.2,201.7,32.8,13.7,12,81.7,71,2.7,25,4411,8474,7410
PT,PT1,PT15,442358,441468,228702,228712,213656,212756,88.4,47,-890,.1,16600,61,7348,9430,21300,13.3,47.7,6,4.9,27.8,22.9,29.1,12.5,11.2,80.9,11,2.9,11,1109,4058,958
PT,PT1,PT16,2281164,2263992,1197936,1190176,1083228,1073816,80.6,-6106,-17172,-2.7,14400,52,32708,41975,18500,58.5,54.7,5,21.7,107,85.3,28.8,9.2,7.9,81.5,40,2.6,24,1420,5568,4185
PT,PT1,PT17,2807525,2809168,1486358,1487766,1321167,1321402,931.5,49,1643,0,22800,83,64010,82146,29300,101.4,56,7.3,27.6,181,153.4,30.9,13.1,11.8,81.7,85,3.1,44,12501,5872,6587
PT,PT1,PT18,743306,733370,383867,380139,359439,353231,23.4,-5146,-9936,-7,15000,55,11104,14250,19300,23.2,49.8,6.6,8.2,46.5,38.3,37.3,13.3,11.7,80.8,13,2.5,12,529,1259,866
PT,PT2,PT20,247440,246353,125794,125595,121646,120758,106.3,-1088,-1087,-4.4,15100,55,3731,4788,19400,9.4,60.1,7.7, ,15.6,11.7, ,12.8,10.5,77.5,8,3.5,4,142,776,142
PT,PT3,PT30,261313,258686,139267,137618,122046,121068,324.2,-1632,-2627,-6.3,15700,57,4085,5242,20200,11.9,61.4,9, ,19.4,15.2, ,14.7,12.4,77.4,8,4.6,4,250,632,122
SE,SE1,SE11,2163042,2198044,1089142,1105440,1073900,1092604,334.1,21136,35002,9.7,62200,226,135631,102933,47200,18.1,20.4,1.4,27.4,88.9,61.5,19.3,7,5.5,82.7,42,1.4,24,3036,6127,9696
SE,SE1,SE12,1605347,1621566,803151,810159,802196,811407,42,12704,16219,7.9,38200,139,61623,46767,29000,12.8,19,1.5,25.1,67.1,42,22.1,7.9,5.7,82.5,51,2.8,7,1120,2232,5077
SE,SE2,SE21,819426,826243,408214,410732,411212,415511,24.8,6010,6817,7.3,37500,137,30898,23449,28500,4.5,17.3,1,10.5,26,15.4,17.4,6,4.1,82.7,21,2.3,12,299,1369,2250
SE,SE2,SE22,1426826,1443065,717639,724928,709187,718137,103.2,12289,16239,8.6,37900,138,54404,41288,28800,17.8,24.5,2.3,21.8,72.5,50.6,23.1,9.5,7.6,82.2,49,2.8,10,2013,4330,4672
SE,SE2,SE23,1921924,1942677,962448,971566,959476,971111,66.1,15410,20753,8,42800,156,82765,62812,32500,12,17.4,1.2,25.1,69.1,44.1,18.7,6.6,4.8,82.4,44,1.9,23,2056,3909,8097
SE,SE3,SE31,829134,833585,414005,415631,415129,417954,13.1,5212,4451,6.3,35900,131,29832,22640,27200,5.7,17.6,1.4,12.1,32.7,20.6,23.3,7.9,5.7,81.7,26,3,5,385,985,2867
SE,SE3,SE32,368617,369826,183839,184079,184778,185747,5.2,1870,1209,5.1,38800,141,14314,10863,29400,2.3,17.5,1.2,4.8,13.2,8.4,20,7.1,5.2,81.1,8,2.1,6,121,407,1133
SE,SE3,SE33,510548,512349,252069,252580,258479,259769,3.4,1929,1801,3.8,41200,150,21067,15988,31300,2.9,15.3,1.1,7.2,18.9,11.7,19.7,7.2,5.2,81.5,10,1.9,4,189,415,1217
SI,SI0,SI01,1079655, ,541370, ,538285, , , , , , , , , , , , , , , , , , , , , , ,7,126,1040,160
SI,SI0,SI02,981430, ,498841, ,482589, , , , , , , , , , , , , , , , , , , , , , ,3,334,1523,361
