,domain,area,pop_16,fem_16,fem_p_16,male_16,popdens_16,netmig_16,netmig_r_16,gdp_eurhab_16,gdp_mil_16,pps_16,pps_hab_16,loun_ths_16,loun_p_act_16,un1524_ths_16,unall_ths_2016,unra1524_16,unraall_16,hcide_10,hcide_r_10,robb_10,robb_r_10,burg_10,burg_r_10,vthft_10,vthft_r_10,he_p_16,medage_16
1,AT11,1,291011,148052,0.508750528,142959,79.4,1841,0.632622135,28600,8334.08,7681.17,26300, , , ,8.1, ,5.7,5,0.171814811,19,0.652896282,223,7.662940576,75,2.577222167,26.4,46.3
2,AT12,2,1653691,839555,0.507685535,814136,87.7,13599,0.822342263,33300,55318.99,50985.16,30700,14.9,1.8,9.5,44,9.3,5.2,11,0.066517868,226,1.366639838,2557,15.46238082,906,5.478653509,28.6,44.7
3,AT13,3,1840226,947141,0.514687326,893085,4693.4,22583,1.227186226,49200,91221.72,84075.16,45400,41.5,4.4,22.8,105.8,20.3,11.3,17,0.092379958,3123,16.97074164,9319,50.64051915,2937,15.95999622,35.9,39.7
4,AT21,4,560482,287033,0.512118141,273449,59.9,1684,0.300455679,34200,19169.5,17667.71,31500,4.2,1.5,4.1,14.8,12.2,5.4,3,0.053525359,90,1.605760756,507,9.045785592,180,3.211521512,27.2,45.9
5,AT22,5,1232012,624786,0.507126554,607226,76,6383,0.518095603,36500,45129.66,41594.08,33700,8.8,1.4,8,31.9,10.2,5.1,3,0.024350412,261,2.118485859,1163,9.439843118,271,2.199653899,25.9,44.2
6,AT31,6,1453948,733791,0.504688613,720157,124.6,8544,0.587641374,41600,60697.45,55942.25,38300,9.2,1.2,8,34.6,7.6,4.4,10,0.068778251,293,2.015202745,988,6.795291166,415,2.854297403,26.7,42.8
7,AT32,7,545815,278648,0.5105173,267167,77.7,2285,0.418640015,48900,26785.71,24687.24,45100, , ,3.1,9.9,8.1,3.4,4,0.073284904,120,2.198547127,438,8.024697013,158,2.894753717,29,42.6
8,AT33,8,739139,375090,0.507468825,364049,59.3,5265,0.712315275,43600,32392.99,29855.23,40200,3,0.8,3.7,13.8,7.2,3.5,3,0.040587765,108,1.461159538,361,4.884061049,138,1.867037188,25.6,41.8
9,AT34,9,384147,193822,0.504551643,190325,152.5,3204,0.834055713,44100,17055.14,15718.99,40600, , , ,7.1, ,3.4,0,0,70,1.822219098,191,4.972054969,70,1.822219098,24.8,41.3
10,BE10,10,1201285,611496,0.509034908,589789,7454.6,-11133,-0.926757597,64200,76430.45,70062.34,58900,54.3,10.2,11.7,89.6,35.9,16.7,30,0.249732578,8726,72.63888253,11606,96.61321002,3130,26.05543231,38.1,35.5
11,BE21,11,1828927,921759,0.503988951,907168,655.9,6460,0.353212567,44800,82041.53,75205.92,41100,22.5,2.8,12.1,49.4,18.5,6.1,30,0.164030604,3681,20.12655508,10860,59.37907855,2673,14.61512679,31.1,41.9
12,BE22,12,866970,434332,0.500976966,432638,363.6,1696,0.195623839,30800,26653.62,24432.87,28200,8.2,2.1,3.1,18.8,9.8,4.8,11,0.126878669,566,6.528484261,3092,35.66444052,944,10.88849672,29.8,43.6
13,BE23,13,1489084,754237,0.506510714,734847,506.7,8507,0.571290807,34800,51917.96,47592.21,31900,10.2,1.5,8,29.3,15.1,4.2,8,0.053724303,1488,9.992720357,5642,37.88906469,1520,10.20761757,35.4,42.3
14,BE24,14,1122600,572406,0.509893105,550194,536,6841,0.609388919,40700,45866.51,42044.96,37300,11,2.1,4.9,24.8,15.2,4.8,10,0.089078924,997,8.881168715,6084,54.19561732,1214,10.81418136,41.6,42.4
15,BE25,15,1184418,597928,0.504828532,586490,379.5,5151,0.434897139,36800,43589,39957.21,33700,6.6,1.2,4.2,19.7,8.9,3.7,12,0.101315583,891,7.522682026,3376,28.50345064,1397,11.79482244,32.5,45.3
16,BE31,16,397745,204723,0.514709173,193022,365.5,1633,0.410564558,42400,16860.14,15455.37,38800,6.4,3.6,2.6,14,22.4,7.9,10,0.251417365,434,10.91151366,2334,58.68081308,577,14.50678198,44.6,41.5
17,BE32,17,1341267,689295,0.513913337,651972,355.4,2153,0.160519867,24000,32143.34,29465.19,22000,39.6,7.3,13.9,64,33.3,11.8,30,0.223669113,3266,24.35011075,12435,92.71084728,3942,29.39012143,26.4,41.3
18,BE33,18,1103490,563284,0.510456823,540206,287.4,2352,0.213141941,26900,29641.45,27171.75,24700,28.9,6.4,7.9,50.2,24.4,11.1,28,0.253740405,2907,26.34369138,8696,78.8045202,3223,29.2073331,29.3,41.1
19,BE34,19,283257,141679,0.500178283,141578,64,1106,0.390458135,23700,6650.58,6096.47,21700,3.5,2.8,2.7,9.7,25.5,7.8,6,0.211821773,228,8.04922738,1219,43.03512358,413,14.58039872,30.7,39.4
20,BE35,20,492074,250714,0.509504668,241360,134.9,2045,0.415587899,25900,12684.68,11627.81,23700,9.5,4.5,3.8,20.2,26.5,9.7,9,0.18289932,619,12.57940879,2954,60.03162126,783,15.91224084,30.2,40.9
21,CH01,21,1593839,813912,0.510661365,779927,194.2,13563,0.850964244, , , , ,26.6,3.1,15.3,65.1,14.2,7.6,10,0.062741594,1028,6.449835899,8960,56.21646854,2831,17.76214536,35,40.7
22,CH02,22,1842251,934839,0.507443883,907412,189.8,14618,0.793485795, , , , ,16.2,1.5,12.3,49,8.4,4.6,9,0.048853278,468,2.540370449,3927,21.31631358,1730,9.390685634,32.4,43.1
23,CH03,23,1128723,569614,0.504653489,559109,587.1,10951,0.970211469, , , , ,9.6,1.5,7,32.7,8.6,4.9,6,0.053157418,330,2.923657975,2143,18.9860577,1134,10.04675195,35.7,43.2
24,CH04,24,1466424,737907,0.503201666,728517,893.1,15210,1.037217067, , , , ,11.2,1.3,6.4,34.6,6.3,3.9,14,0.095470341,624,4.255249505,5365,36.58559871,675,4.60303432,44.4,41
25,CH05,25,1153485,576024,0.499377105,577461,102.7,6411,0.555793964, , , , ,10,1.5,6.5,27.7,6.6,4,8,0.069355041,179,1.551819053,1318,11.42624308,721,6.250623112,30,42.7
26,CH06,26,790458,392879,0.49702704,397579,186.9,6141,0.776891372, , , , ,6.3,1.3,3.6,16.5,5.2,3.4,3,0.037952681,153,1.93558671,1275,16.12988925,472,5.971221747,35.6,42.2
27,CH07,27,351946,180480,0.512805942,171466,129.2,2611,0.741875174, , , , ,5.7,3.1,2.7,12.7,13.4,6.9,2,0.0568269,71,2.017354935,1131,32.13561171,293,8.325140789,31.7,45.8
28,CZ01,28,1267449,652780,0.51503453,614669,2626.8,10271,0.810367912,34900,44409.03,68192.23,53600,5.3,0.8,1.9,15.2,7.4,2.2,16,0.126237821,773,6.098864727,2753,21.72079508,4540,35.81998171,38.8,41
29,CZ02,29,1326876,671941,0.506408285,654935,124.4,10053,0.757644271,15500,20632.19,31681.73,23800,7,1,3.7,20.9,9.9,3.1,9,0.067828493,366,2.758358731,1570,11.83230385,2009,15.14082703,19,40.7
30,CZ03,30,1214450,614356,0.505871794,600094,70.9,2870,0.236320968,14600,17788.39,27314.93,22500,7.2,1.2,3.5,19,8.8,3.1,10,0.082341801,411,3.384248014,778,6.406192103,1058,8.711762526,17.1,42.1
31,CZ04,31,1120654,565601,0.50470618,555053,132.1,-1381,-0.123231613,11900,13300.32,20423.29,18200,14,2.5,4.3,29,10.4,5.2,15,0.133850412,630,5.621717319,1175,10.48494897,1594,14.22383715,12.6,41.7
32,CZ05,32,1507209,764984,0.507550048,742225,123.1,509,0.03377103,13900,20890.78,32078.82,21300,11.1,1.5,7.4,30.5,14.1,4,13,0.086252139,363,2.408425109,905,6.004475823,1440,9.554083077,17.2,41.9
33,CZ06,33,1684500,856000,0.50816266,828500,123,1499,0.08898783,15400,25942.75,39836.36,23600,12.8,1.5,4.5,31.2,9,3.7,15,0.089047195,434,2.576432176,1330,7.895517958,821,4.873849807,23.2,41.7
34,CZ07,34,1219394,622952,0.510870154,596442,133.6,-1406,-0.115303175,13600,16618.19,25518.04,21000,9.3,1.5,3.2,23.3,8.7,3.9,13,0.106610333,329,2.698061496,593,4.863071329,730,5.986580219,17,42.2
35,CZ08,35,1213311,618899,0.510090982,594412,228,-2351,-0.193767303,13900,16788.48,25779.53,21300,22.3,3.7,6.1,42.3,13.4,6.9,12,0.098902919,568,4.68140485,987,8.134765118,917,7.557831422,18,42.1
36,DE1,36,10879618,5486230,0.504266786,5393388,308.8,71416,0.656420106,43900,479686.02,454036.63,41600,52.8,0.9,39.8,182.3,6,3.1,72,0.066178794,3249,2.986318086,7844,7.209811962,5050,4.641707089,26.9,44.3
37,DE2,37,12843514,6491342,0.50541791,6352172,184.4,91100,0.709307437,44500,573402.03,542741.52,42100,61.1,0.9,34.2,179.9,4.4,2.5,74,0.05761663,2606,2.029039716,4470,3.480355921,4386,3.41495326,25.9,44.7
38,DE3,38,3520031,1793498,0.50951199,1726533,4193.2,47763,1.356891459,36700,130355.11,123384.86,34800,65,3.5,16.4,146.6,12.2,7.8,41,0.116476247,5997,17.03678178,8713,24.75262292,9807,27.86055009,34.5,42.2
39,DE4,39,2484826,1256543,0.505686515,1228283,85.8,19678,0.791926678,27000,67324.91,63724.96,25600,28.8,2.2,8.1,60,10.1,4.6,40,0.160977066,1221,4.913824952,2839,11.42534729,5311,21.37372999,24.5,49.6
40,DE5,40,671489,340594,0.50722201,330895,1726.7,7860,1.17053295,47700,32205.21,30483.15,45200,6.2,1.8, ,18.4, ,5.3,10,0.148922767,1268,18.88340688,2877,42.84508011,915,13.6264332,23.5,44.3
41,DE6,41,1787408,914346,0.511548566,873062,2533.7,18817,1.052753484,62900,113165.06,107113.99,59500,14.3,1.5,6.6,40.1,7.5,4.1,18,0.100704484,2650,14.82593789,7536,42.16161056,3453,19.31847681,31.9,41.5
42,DE7,42,6176172,3128442,0.506534144,3047730,294.4,40266,0.651957232,43700,270430.53,255970.28,41300,44.5,1.4,27.6,127.1,8.4,3.9,61,0.098766679,3574,5.786755939,9974,16.14916165,5018,8.124773727,26.3,45
43,DE8,43,1612362,814530,0.505178118,797832,71.4,5315,0.329640614,25500,41170.85,38969.39,24200,24.6,3, ,50.8, ,6.3,10,0.062020812,822,5.098110722,1263,7.833228518,2289,14.1965638,23.3,49.4
44,DE9,44,7926599,4011201,0.506043134,3915398,167.6,36239,0.457182204,35100,278332.93,263450.12,33200,64.6,1.6,29.4,163.9,7,4,78,0.098402859,4209,5.309969635,11844,14.94209559,6242,7.874751832,19.6,46.1
45,DEA,45,17865516,9097497,0.50922106,8768019,528.3,53559,0.29978983,37500,671111.24,635226.1,35500,172.3,1.9,65,401.9,7.4,4.5,120,0.067168505,14500,8.116194349,44769,25.05888999,23336,13.06203526,22.3,45.4
46,DEB,46,4052803,2053470,0.506678958,1999333,205.9,21595,0.532841098,34400,139472.5,132014.73,32500,30.7,1.5,16.8,76.8,7.3,3.6,27,0.066620559,1562,3.85412269,4581,11.30328812,3071,7.577471691,22,46.4
47,DEC,47,995597,506966,0.509208043,488631,388.4,5736,0.57613673,34600,34511.92,32666.53,32800,8.7,1.7,5.4,24.4,10.1,4.8,16,0.160707596,546,5.484146698,1696,17.03500513,818,8.216175822,19.7,48.4
48,DED,48,4084851,2073290,0.507555845,2011561,224.7,12321,0.301626669,29100,118737.07,112388.05,27500,53.8,2.6,11.6,104.4,8.2,5,35,0.08568244,1944,4.759047515,3220,7.882784464,5901,14.44605935,25.7,48.5
49,DEE,49,2245470,1138781,0.507145943,1106689,110.7,4143,0.184504803,26500,59484.69,56303.97,25100,49.3,4.4,7.8,83.2,10.6,7.4,26,0.115788677,1350,6.01210437,2299,10.23839107,3172,14.12621856,20.7,50.1
50,DEF,50,2858714,1459256,0.510458899,1399458,186.3,31671,1.107875779,31400,90109.46,85291.2,29700,19.8,1.4,10.7,57.7,7.5,4,35,0.122432674,1926,6.737295161,6778,23.70996189,3302,11.5506483,20.6,46.9
51,DEG,51,2170714,1095575,0.504707207,1075139,134.1,-2749,-0.126640359,27800,60250.48,57028.81,26300,26.7,2.4,7.4,56.7,10.1,5.1,27,0.124383037,742,3.418230131,644,2.966765774,1409,6.490951825,24.2,49.3
52,EE00,52,1315944,699236,0.531356957,616708,30.3,1030,0.078270808,16500,21682.65,29577.05,22500,14.8,2.1,7.6,46.7,13.4,6.8, ,, ,, ,, ,,34.1,41.6
53,ES11,53,2720102,1405468,0.5166968,1314634,92.4,2809,0.103268186,21400,57958.87,64326.15,23700,111.6,8.9,25,215.4,40.3,17.2,17,0.062497656,1440,5.293919125,2731,10.04006467,1934,7.110027492,33.4,46.7
54,ES12,54,1040925,542979,0.521631241,497946,98.2,234,0.022480006,20800,21597.59,23970.27,23100,46.5,9.9,10.1,82.6,47.9,17.6,19,0.182529961,612,5.879386123,770,7.397266854,665,6.388548647,38,48.3
55,ES13,55,582504,297954,0.5115055,284550,110.5,678,0.116394051,21600,12571.26,13952.33,24000,19.5,7.1,4,41.1,32.2,14.9,2,0.034334528,397,6.815403843,604,10.36902751,396,6.798236579,36.4,45.2
56,ES21,56,2164066,1114576,0.515037896,1049490,301.2,6234,0.288068848,31600,68391.95,75905.39,35100,66.8,6.5,16.8,129.9,34.9,12.6,10,0.046209312,2791,12.89701885,4366,20.17498542,1179,5.448077831,45.4,45.7
57,ES22,57,637486,321548,0.504400097,315938,61.7,2700,0.423538713,29900,19055.93,21149.39,33100,18.3,6,6.2,38.1,33.9,12.5,3,0.047059857,218,3.419682942,854,13.39637263,207,3.247130133,40.7,43.1
58,ES23,58,312810,158294,0.50603881,154516,62.2,119,0.038042262,25400,7944.56,8817.33,28200,8.6,5.6,2.9,20.8,36.3,13.5,2,0.063936575,220,7.033023241,489,15.63249257,165,5.274767431,34.1,43.9
59,ES24,59,1318571,665602,0.504790413,652969,27.8,53,0.004019503,26400,34698.77,38510.73,29200,43.8,6.7,15,95.8,36.7,14.7,10,0.075839678,1620,12.28602783,2184,16.56338567,1017,7.712895248,33.3,44.4
60,ES30,60,6424275,3339528,0.519829553,3084747,809.2,34517,0.5372902,32900,211781.88,235047.96,36500,264.6,7.9,81.8,528.8,40.7,15.7,51,0.07938639,20832,32.42700538,13005,20.24352943,13739,21.3860708,42.6,41.8
61,ES41,61,2454454,1240899,0.505570282,1213555,26.1,-6742,-0.274684309,22600,55211.84,61277.33,25100,87,7.6,24.4,181.4,39,15.8,10,0.040742259,1321,5.382052383,2802,11.41598091,1410,5.744658486,31.7,47.4
62,ES42,62,2048900,1018791,0.49723803,1030109,25.8,-6571,-0.320708673,19000,38748.6,43005.47,21000,115.7,11.8,35.9,231.6,50.9,23.5,12,0.058568012,1220,5.954414564,5049,24.64249109,1876,9.156132559,25,42.1
63,ES43,63,1084969,545501,0.502780264,539468,26.4,-4990,-0.459920975,16800,18134.01,20126.19,18600,60.8,12.1,19.4,138,50.3,27.5,3,0.02765056,441,4.064632261,1187,10.94040475,610,5.622280452,23.1,43.7
64,ES51,64,7408290,3780350,0.510286449,3627940,232.3,27375,0.369518472,28800,213930.54,237432.66,32000,318.3,8.4,90.5,593.6,34.3,15.7,97,0.130934399,25154,33.9538544,21337,28.8015183,12538,16.92428347,35.4,42.4
65,ES52,65,4932347,2496299,0.506107741,2436048,213.3,3535,0.071669735,21100,104187.81,115633.75,23500,240.9,9.9,76.9,501.6,45.5,20.6,46,0.093261889,10385,21.05488523,23268,47.17429654,8033,16.28636428,30.4,42.9
66,ES53,66,1135527,567982,0.500192422,567545,229.9,12758,1.123531189,25500,29134.15,32334.79,28300,30.3,4.9,16.4,85.6,38.9,13.9,6,0.052838902,1476,12.99836992,3476,30.61133729,1970,17.34877286,26.4,40.7
67,ES61,67,8403774,4248500,0.505546675,4155274,96.9,-4830,-0.057474178,17800,149691.5,166136.4,19800,500.7,12.6,163.9,1151.1,57.9,28.9,78,0.092815442,12194,14.51014746,20541,24.44258972,14065,16.73652814,26.5,41
68,ES62,68,1466474,731366,0.498724151,735108,130,1856,0.12656208,19800,29115.52,32314.12,22000,64.3,9.2,25.3,138.6,45.7,19.8,15,0.102286164,1581,10.78096168,4972,33.90445381,2393,16.31805269,25.6,39.8
69,ES63,69,84652,41624,0.491707225,43028,4242.2,-170,-0.20082219,19400,1641.45,1821.78,21500,5.7,15.2,1.8,9.3,63.3,24.9,1,0.1181307,189,22.32670226,93,10.98615508,436,51.50498512,25,36.3
70,ES70,71,2135209,1073718,0.502863186,1061491,289.1,18645,0.873216627,19900,42665.71,47352.9,22100,156.3,14.2,37.2,286.7,51.3,26.1,17,0.079617499,1944,9.104495157,3750,17.56268356,2929,13.71762671,26.6,41.8
71,FI19,72,1379116,696131,0.504766097,682985,23.7,2601,0.188599074,34800,48039.11,38869.67,28200,17.3,2.6,17.7,61.5,21.4,9.4,26,0.188526563,261,1.892516656,1678,12.16721436,1837,13.32012681,34.2,43
72,FI1B,73,1620261,832766,0.51397028,787495,179.1,12915,0.797093802,51700,84256.2,68173.84,41800,14.2,1.6,17,64.3,17,7.4,26,0.160467974,651,4.017871195,1544,9.529328917,4275,26.38463803,43.3,39.3
73,FI1C,74,1160491,592287,0.510376211,568204,36.9,1936,0.166825938,34600,40148.79,32485.41,28000,14.1,2.6,12.6,49.4,20,9.1,13,0.112021549,284,2.447240004,1482,12.77045664,2754,23.73133441,32.5,45.5
74,FI1D,75,1298457,650136,0.500698906,648321,6.4,-589,-0.045361533,32600,42252.51,34187.58,26400,15.1,2.5,17.6,60.9,23.2,10.2,47,0.36196809,287,2.210315783,1712,13.18488021,2244,17.28205093,31,44.4
75,FI20,76,28983,14498,0.500224269,14485,18.7,235,0.810820136,46600,1356.98,1097.97,37700, , , , , , ,0,0,1,0.345029845,21,7.245626747,22,7.590656592,24.5,44
76,FR10,77,12117132,6268047,0.517288002,5849085,1015.3,-68033,-0.561461243,56400,683961.78,626136.81,51600,251.1,4.3,106.5,537.7,22.6,9.2,139,0.114713614,57179,47.18855914,41053,33.88012939,47777,39.4292973,41.6,37.1
77,FRB0,78,2577866,1327678,0.515029874,1250188,65.7,-3015,-0.116957204,27400,70526.18,64563.61,25100,48.2,4.4,27.1,109.4,25.6,9.9,25,0.09697944,2062,7.998864177,6912,26.81287546,6575,25.50559261,25.8,43.4
78,FRC1,79,1637941,844424,0.515539937,793517,51.8,-1838,-0.112214054,27100,44263.44,40521.22,24800,28.3,4,17.5,67.1,25.8,9.5,14,0.085473164,921,5.622913157,3474,21.20955517,3655,22.31460108,25,45.2
79,FRC2,80,1180397,601122,0.50925409,579275,72.8,-2697,-0.228482451,25100,29579.68,27078.89,23000,18.9,3.5,11.3,43.8,22.6,8.2,11,0.093188986,587,4.972903184,2217,18.78181663,2032,17.21454731,27.7,42.2
80,FRD1,81,1477349,761959,0.515761002,715390,83.2,-1682,-0.113852583,26400,38905.27,35616.06,24100,23.2,3.7,13.3,54.4,21.3,8.6,10,0.067688813,720,4.873594526,2173,14.70877904,2243,15.18260073,22.9,44.3
81,FRD2,82,1858580,960662,0.516879553,897918,151.8,-4298,-0.231251816,28600,53234.97,48734.27,26200,47.5,5.9,24.3,92.5,28.2,11.5,29,0.156033101,2776,14.93613404,4665,25.09980738,5116,27.52639112,24.5,41
82,FRE1,83,4074448,2104414,0.516490577,1970034,328.1,-16727,-0.410534139,27000,109880.34,100590.6,24700,113.3,6.6,55.9,227.2,30.7,13.3,31,0.076083926,6958,17.0771599,12573,30.85816778,11611,28.49711176,25.8,38.6
83,FRE2,84,1932422,990024,0.512322878,942398,99.6,-6081,-0.314682818,24700,47626.45,43599.91,22600,47.6,5.7,22,96.2,26.4,11.6,18,0.093147356,1997,10.33418166,4721,24.43048154,6348,32.84996755,20.5,40.5
84,FRF1,85,1884150,965038,0.512187459,919112,228.1,-2688,-0.142663801,30600,57699.74,52821.56,28000,42.5,4.8,26.1,97.2,29.5,10.9,20,0.106148661,1701,9.027943635,3464,18.38494812,2898,15.38094101,31,41.4
85,FRF2,86,1333248,685062,0.513829385,648186,52.1,-5180,-0.388524866,27700,36911.08,33790.47,25400,26.4,4.8,17.1,61.9,29.1,11.3,13,0.09750624,1162,8.715557796,3307,24.80408746,3690,27.67677131,20.9,42.2
86,FRF3,87,2337788,1196562,0.511835119,1141226,99.3,-7349,-0.31435699,24600,57456.41,52598.81,22500,58.3,5.8,28.9,119.6,24.9,11.8,17,0.072718313,1952,8.349773376,5172,22.12347741,4456,19.06075316,27.5,42.4
87,FRG0,88,3737632,1917199,0.512944827,1820433,116.4,11209,0.299895763,29900,112121.41,102642.2,27400,56.4,3.3,40.2,150.8,21.8,8.8,26,0.069562761,1628,4.355699009,6742,18.03815892,8244,22.05674609,28.9,41.3
88,FRH0,89,3306529,1700535,0.514296109,1605994,120.9,11134,0.336727729,28100,93100.94,85229.8,25700,47,3.2,29.5,126.4,20.3,8.6,31,0.093753903,1581,4.781449066,4738,14.3292256,5376,16.25874142,30.7,43.1
89,FRI1,90,3393297,1759951,0.51865516,1633346,82.3,21378,0.630006746,29100,98915.14,90552.44,26600,63.1,4.1,37.4,154,24.5,10.1,36,0.106091509,2641,7.782990997,9214,27.15353239,7975,23.50221628,29.3,43.9
90,FRI2,91,736015,381620,0.518494868,354395,43.3,1330,0.180702839,25400,18689.65,17109.55,23300,10.9,3.3,4.5,23.2,14.9,7.1,6,0.081520078,254,3.451016623,1086,14.75513407,1031,14.00786669,29.7,47.2
91,FRI3,92,1806291,933846,0.516996431,872445,69.8,5771,0.319494478,26700,48262.66,44182.33,24400,30.1,3.9,18.3,68.6,23.7,9,8,0.044289652,647,3.581925614,4183,23.15795185,4495,24.88524828,24.8,45.6
92,FRJ1,93,2793303,1452958,0.520157677,1340345,102.4,15663,0.560734013,24700,69318.15,63457.7,22700,66.9,5.8,29.9,138,32.2,12,37,0.132459672,5205,18.6338539,13970,50.01247627,12654,45.30120792,27.6,43.9
93,FRJ2,94,3015132,1547728,0.513320147,1467404,66.6,13734,0.455502446,30700,92825.04,84977.22,28100,45.1,3.3,21.5,115.6,24.4,8.6,24,0.079598505,3651,12.10892259,8799,29.18280195,6952,23.05703366,34.6,43
94,FRK1,95,1363392,702964,0.515599329,660428,52.3,2403,0.176251584,26200,35724.53,32704.23,24000,17.6,3,8.2,42.6,15.2,7.2,14,0.102685068,663,4.862871427,2010,14.74264188,2321,17.02371732,28.1,45.4
95,FRK2,96,6553497,3362685,0.513113075,3190812,148.6,13122,0.200228977,33300,218819.8,200319.87,30500,95.4,3.2,61.1,243.8,21.3,8,52,0.07934695,7416,11.31609582,19495,29.74747681,19399,29.60099013,34.1,40.1
96,FRL0,97,5021928,2618456,0.521404528,2403472,161,6403,0.127500832,30900,155382.11,142245.46,28300,101.2,4.6,49.7,233.3,23.5,10.6,95,0.189170374,19165,38.16263395,25982,51.73710177,29335,58.41382035,31.9,43.7
97,HU10,116,2993948,1582546,0.528581659,1411402,441.3,12307,0.411062584, , , , , , , , , , ,55,0.183703925,1797,6.002108253,8124,27.13473982,5740,19.17200967,NA,NA
98,HU21,117,1060703,549043,0.517621804,511660,99,-868,-0.081832521,11000,11646.29,19602.52,18500,6.5,1.3,2.9,15.3,7.2,3,11,0.103704807,315,2.969728567,1453,13.69846225,570,5.373794549,16.6,42.4
99,HU22,118,983933,509301,0.517617561,474632,87.9,3098,0.314858837,12700,12452.29,20959.15,21300,5.3,1.1,3,12.6,8.4,2.7,8,0.081306349,188,1.910699204,1262,12.82607657,451,4.583645431,16.9,42.8
100,HU23,119,900868,472109,0.524060129,428759,65.2,-2181,-0.242099841,7600,6847.32,11525.12,12800,13,3.3,4.2,24.3,13.2,6.2,13,0.14430527,182,2.02027378,2253,25.00921334,443,4.917479586,16.4,43.8
101,HU31,120,1153714,603955,0.523487623,549759,86.4,-5281,-0.457739093,7600,8738.25,14707.84,12800,13.8,2.8,5,31.5,12.2,6.3,12,0.104011913,324,2.808321646,2174,18.84349154,320,2.773651009,14.9,42.4
102,HU32,121,1474383,764259,0.518358527,710124,84.5,-3625,-0.245865559,7300,10800.61,18179.12,12400,26.9,4,13.7,62.6,23.3,9.3,16,0.108519971,354,2.401004352,2861,19.40472727,490,3.323424104,14.8,41.1
103,HU33,122,1262936,660753,0.523188032,602183,69.4,-4760,-0.376899542,8300,10374.21,17461.41,13900,14.3,2.5,7.9,32.5,16.7,5.6,17,0.134606979,236,1.868661595,1738,13.76158412,610,4.830015139,17.3,43.3
104,IE01,123,1259673,631366,0.501214204,628307,39.2,7385,0.58626326, , , , , , , , , , , ,, ,, ,, ,,NA,NA
105,IE02,124,3466613,1755779,0.506482552,1710834,96,17416,0.502392393, , , , , , , , , , , ,, ,, ,, ,,NA,NA
106,IS00,125,332529,165259,0.496976204,167270,3.3,4095,1.231471541, , , , , , ,2.1,5.8,6.5,3,2,0.06014513,42,1.263047734,2866,86.18797158, ,,33.4,36.2
107,ITC1,126,4404246,2272354,0.515946203,2131892,176.9,7532,0.171016787,29800,130941.61,133449.69,30300,100.1,5,38.7,186.7,36,9.3,42,0.095362521,3698,8.396442887,18620,42.27738414,9955,22.60318792,15.3,47.5
108,ITC2,127,127329,65219,0.512208531,62110,39.2,-23,-0.018063442,34300,4353.39,4436.78,34900,2.3,3.9, ,5.2, ,8.7,0,0,18,1.413660674,322,25.28881873,55,4.319518727,14.2,46.6
109,ITC3,128,1571053,823545,0.524199375,747508,294.2,5206,0.331370107,31000,48692.48,49625.14,31600,30.2,4.5,12.7,65.8,37.9,9.7,21,0.13366831,1224,7.790952947,4519,28.76414736,5176,32.94605593,17.5,50
110,ITC4,129,10008349,5121806,0.511753337,4886543,439.2,23530,0.235103712,36900,369319.71,376393.74,37600,183,3.9,79.4,345.7,29.9,7.4,66,0.065944943,7594,7.587665058,41560,41.5253305,34042,34.01360204,17.2,45.4
111,ITF1,130,1326513,681061,0.513422032,645452,124.5,206,0.015529437,24000,31800.58,32409.69,24500,37.9,6.9,11.9,66.9,38.8,12.1,8,0.060308493,526,3.965283416,3189,24.04047303,2722,20.51996475,14.9,46.1
112,ITF3,132,5850850,3004130,0.513451892,2846720,436.5,-9106,-0.155635506,17800,104039.92,106032.72,18100,284.6,13.9,83.6,418.5,49.9,20.4,67,0.114513276,11371,19.43478298,7861,13.43565465,28979,49.52955553,13.1,42
113,ITF4,133,4077166,2097913,0.514551774,1979253,212.1,-6864,-0.168352233,18100,73496.25,74904.01,18400,178.6,12.1,59.3,287.6,49.6,19.4,64,0.156971779,3428,8.407800909,9650,23.66840104,22047,54.07432516,11.6,44.2
114,ITF5,134,573694,292251,0.509419656,281443,58.9,-1143,-0.199235132,20800,11889.79,12117.53,21200,18.1,8.2,4.7,29.5,34.2,13.3,7,0.122016267,70,1.220162665,671,11.69613069,476,8.297106123,13.9,45.6
115,ITF6,135,1970521,1007092,0.51107905,963429,133.4,-2162,-0.109717176,16700,32898.92,33529.07,17000,100.7,14.8,27,157.7,58.7,23.2,63,0.319712401,821,4.166410812,2531,12.84431884,5470,27.75915608,13.1,43.9
116,ITG1,136,5074261,2607531,0.51387404,2466730,199.4,-9272,-0.182726115,17200,87025.2,88692.1,17500,245.7,14.2,83.7,383,57.2,22.1,65,0.128097471,5100,10.05072463,11321,22.31063794,25557,50.36595477,11.3,43.5
117,ITG2,137,1658138,844899,0.509546853,813239,69.3,613,0.036969179,20200,33469.02,34110.09,20600,64.5,9.5,19.8,117.2,56.3,17.3,16,0.096493778,492,2.967183672,2505,15.10730711,2894,17.45331209,13.6,46.6
118,ITH1,138,520891,263943,0.506714457,256948,70.9,2167,0.416017938,42300,22101.23,22524.56,43100,2.8,1.1,1.9,9.7,8.8,3.7, ,, ,, ,, ,,14.1,43
119,ITH2,139,538223,274953,0.510853308,263270,87.7,698,0.129686022,35100,18885.37,19247.11,35700,6.3,2.6,3.7,17,24.2,6.8, ,, ,, ,, ,,16.6,44.9
120,ITH3,140,4915123,2518601,0.512418713,2396522,279.5,2395,0.048727163,32100,157723.48,160744.55,32700,75.5,3.4,24.6,151.1,18.7,6.8, ,, ,, ,, ,,14.5,45.9
121,ITH4,141,1221218,629894,0.515791611,591324,161.4,2269,0.185798113,30300,36975.83,37684.07,30900,17.9,3.3,8.2,40.6,28.5,7.5, ,, ,, ,, ,,15.7,48.1
122,ITH5,142,4448146,2292740,0.515437218,2155406,198.1,15494,0.348324898,34600,153768.38,156713.7,35200,71.3,3.4,24.9,146.8,22,6.9, ,, ,, ,, ,,18.7,46.5
123,ITI1,143,3744398,1942930,0.518889819,1801468,165.2,13600,0.363209253,30000,112321.13,114472.55,30600,83.2,4.8,30.3,164,34,9.5, ,, ,, ,, ,,18,47.4
124,ITI2,144,891181,463519,0.520117687,427662,107.9,1626,0.182454518,24200,21563.75,21976.79,24700,19.2,4.9,6.8,37.5,33.1,9.6, ,, ,, ,, ,,18.2,47.1
125,ITI3,145,1543752,796115,0.515701356,747637,163.9,143,0.009263146,26700,41084.03,41870.97,27200,36.8,5.3,12.7,73.5,31,10.6, ,, ,, ,, ,,17.3,46.7
126,ITI4,146,5888472,3049856,0.517936741,2838616,348.8,18895,0.320881207,32200,189982.04,193620.99,32900,159.1,6.1,55.7,292.5,41.6,11.1, ,, ,, ,, ,,20.4,45.1
127,LT00,147,2888558,1558951,0.539698701,1329607,45.8,-30171,-1.044500405, , , , , , , , , , ,217,0.751239892,2727,9.440696707,4905,16.98079111,2060,7.131586072,NA,NA
128,NL11,148,583721,292663,0.501374801,291058,247.3,37,0.006338645,40200,23459.71,21066.51,36100,10,3.3,8.5,24.7,15,8.2, ,,288,4.933863952,2864,49.06453597,252,4.317130958,31.2,41.6
129,NL12,149,646040,322664,0.499448951,323376,190.3,1103,0.170732462,28500,18429.68,16549.61,25600,9.1,2.8,6.5,22,12.3,6.7, ,,97,1.501455018,2077,32.14971209,149,2.306358739,22.7,43.9
130,NL13,150,488629,246146,0.503748243,242483,183.5,4039,0.826598503,28400,13916.27,12496.62,25500,6.8,2.8,4.2,15.8,10.9,6.5, ,,83,1.698630249,1794,36.71497189,175,3.58144932,24.5,46.1
131,NL21,151,1144280,570956,0.498965288,573324,340.9,1813,0.158440242,34500,39497.11,35467.89,30900,15.1,2.6,11.2,36.8,11.3,6.2, ,,275,2.403257944,4491,39.247387,415,3.626734715,27.2,41.7
132,NL22,152,2035351,1028387,0.505262729,1006964,408.3,11175,0.549045349,34800,71082.08,63830.77,31300,24.7,2.3,16.3,59.5,9.4,5.6, ,,720,3.537473389,11338,55.70537956,1666,8.18532037,28.5,43.2
133,NL23,153,404068,201911,0.499695596,202157,282.9,1421,0.351673481,31100,12629.75,11341.35,27900,8.3,3.7,5.8,17.7,16.6,7.9, ,,323,7.99370403,2503,61.94501916,372,9.206371205,25.4,38.3
134,NL31,154,1273613,649138,0.509682298,624475,910.4,6035,0.473848807,50400,64514.47,57933.15,45300,13.5,1.9,9.3,34.7,8.3,5, ,,660,5.182107909,9204,72.26685029,1165,9.147205627,40.4,39.7
135,NL32,155,2784854,1412392,0.507169137,1372462,1016,18029,0.647394801,54600,152850.18,137257.45,49100,33.7,2.2,20.6,83.6,9.3,5.5, ,,3218,11.55536341,19263,69.17059207,3743,13.44056098,37.2,41.2
136,NL33,156,3622303,1834100,0.506335334,1788203,1260.8,18508,0.510945661,41700,151492.25,136038.05,37400,56.6,3,38.1,133.5,13.2,7.1, ,,3574,9.866651133,23608,65.1740067,4055,11.19453563,31.6,40.9
137,NL34,157,381252,192137,0.503963258,189115,211.5,742,0.19462193,33200,12630.86,11342.35,29800,3.7,1.9,2.2,7.6,7,3.9, ,,91,2.386872725,1484,38.92438597,145,3.803258737,22.5,45.8
138,NL41,158,2498749,1249108,0.499893347,1249641,505.1,12131,0.485482936,41800,104696.69,94016.25,37500,29.9,2.2,20.8,70.7,9.7,5.3, ,,1044,4.178090717,17265,69.09457493,2615,10.4652368,29.8,43.4
139,NL42,159,1116260,562383,0.503810044,553877,517.8,3831,0.343199613,36700,40972.2,36792.5,32900,11.9,2.1,8.7,32,10.4,5.7, ,,519,4.649454428,6810,61.00729221,1737,15.56089083,25.9,47
140,NO01,160,1251687,626335,0.50039267,625352,249,10980,0.877216109,75300,95106.69,62716.8,49700,8.4,1.2,8.2,32.7,10.4,4.6,13,0.103859831,1030,8.228894284,1773,14.16488307,3293,26.30849406,46.4,37.1
141,NO02,161,384221,192088,0.49994144,192133,7.6,2136,0.555930051,42600,16391.17,10808.93,28100,2.7,1.4,3.2,8.7,12.5,4.5,1,0.026026688,32,0.832854009,626,16.29270654,620,16.13654641,30.1,43.9
142,NO03,162,984764,492157,0.499771519,492607,28.9,7317,0.743020663,43100,42669.28,28137.67,28400,6.1,1.2,8.6,25.4,13.2,5.1,4,0.040618869,152,1.543517025,1936,19.65953264,2502,25.40710262,31.6,41.7
143,NO04,163,768179,379212,0.493650568,388967,31.7,517,0.067302022,54200,41729.37,27517.86,35700,6.3,1.6,7.1,22.4,12.5,5.5,4,0.052071197,188,2.447346257,1345,17.50893997,1795,23.36694963,33.9,37.3
144,NO05,164,890719,438449,0.492241661,452270,18.9,2653,0.297849266,55500,49656.83,32745.52,36600,6.1,1.3,7,22.7,10.9,4.8,3,0.033680656,148,1.661579017,765,8.588567214,958,10.75535607,36.1,38.9
145,NO06,165,449457,221969,0.493860369,227488,11.5,3568,0.793846797,52000,23500.22,15496.9,34300,1.8,0.7,2.9,9.6,8.5,4,1,0.022249069,55,1.223698819,441,9.81183962,1071,23.82875336,36.4,38.9
146,NO07,166,481694,236886,0.491776937,244808,4.4,2261,0.469385128,51300,24769.85,16334.14,33800,1.9,0.8,3.1,8,8.9,3.2,3,0.062280203,22,0.456721487,338,7.016902847,477,9.902552243,32.8,41.1
147,PL11,167,2479350,1297450,0.523302478,1181900,136.7,-311,-0.01254361,10400,25778.4,46302.85,18600,25.4,2.2,11.5,64.8,12.7,5.5,34,0.137132716,1543,6.223405328,2554,10.30108698,1778,7.171234396,,
148,PL12,168,5323267,2775446,0.521380198,2547821,151.3,13498,0.25356609, , , , , , , , , , ,62,0.11646983,2520,4.733935006,5464,10.26437336,3309,6.216107514,,
149,PL21,169,3330031,1713632,0.514599414,1616399,221.9,4157,0.124833673,10100,33943.35,60968.64,18100,30.5,2.1,20.3,77.4,17.1,5.2,24,0.072071401,2330,6.99693186,2921,8.771690113,1032,3.099070249,26.5,38.7
150,PL22,170,4520567,2338825,0.517374259,2181742,371.6,-3823,-0.084569037,11500,52498.38,94296.96,20700,39.2,2,25.8,107.3,17,5.4,63,0.139363049,3818,8.445843187,6949,15.37196551,2569,5.68291544,24.1,41.4
151,PL31,171,2118528,1091555,0.515242187,1026973,84.9,-3123,-0.147413676,7600,16333.53,29338.1,13700,30.9,3.3,17.3,75.2,22.7,8,23,0.108565948,736,3.474110326,1266,5.975847381,167,0.788283185,,
152,PL32,172,2083496,1062743,0.510076813,1020753,117.7,67,0.003215749,7800,16630.87,29872.18,14000,31.5,3.4,25.7,88,31.6,9.6,9,0.043196627,376,1.804659092,831,3.988488579,113,0.542357653,,
153,PL33,173,1241895,635990,0.512112538,605905,106.5,-1039,-0.083662467,7900,9957.04,17884.72,14300,19.7,3.5,11.7,50,24.7,8.9,15,0.120783158,409,3.293354108,518,4.171045056,197,1.586285475,,
154,PL34,174,1158945,593678,0.512257268,565267,57.9,-1100,-0.094913909,7900,9335.12,16767.62,14100,14.4,2.8,7.8,34.5,18.9,6.7,11,0.094913909,491,4.236611746,812,7.006372175,130,1.121709831,,
155,PL41,175,3450966,1771686,0.513388425,1679280,117.1,597,0.017299504,12100,42119.98,75655.39,21800,33,2,15,78.6,10.6,4.8,26,0.075341223,912,2.642738294,2022,5.859228981,2055,5.95485438,22.6,38.7
156,PL42,176,1684025,864227,0.513191312,819798,77,-1420,-0.084321789,9300,15898.68,28557.01,16700,15.8,2.2,12.1,50.2,23.1,6.9,36,0.213773548,775,4.602069447,2337,13.87746619,518,3.075963837,22.7,40.6
157,PL43,177,1005159,515309,0.512664166,489850,72.8,-46,-0.00457639,9300,9476,17020.68,16700,5.2,1.2, ,20.9, ,4.7,14,0.139281447,410,4.078956663,1072,10.66497937,465,4.626133776,19.6,39.6
158,PL51,178,2864624,1486007,0.51874417,1378617,144.9,4708,0.164349667,12300,35711.83,64145.16,22100,22.3,1.7,14.2,71.5,14.8,5.5,39,0.136143522,2340,8.168611308,4037,14.09259994,1517,5.295633912,25.4,40.8
159,PL52,179,952557,490700,0.515139776,461857,102.2,-475,-0.049865782,8800,8786.1,15781.48,15900, , , ,20.7, ,5,11,0.115478654,250,2.624514858,1138,11.94679164,181,1.900148758,21.7,41.6
160,PL61,180,2062006,1063125,0.515578034,998881,117.3,-746,-0.036178362,9100,18872.35,33898.29,16300,26.5,2.9,16.5,68.1,20,7.4,17,0.082443989,762,3.695430566,2130,10.32974686,823,3.991258997,20.7,39.8
161,PL62,181,1414734,722161,0.510457089,692573,61.5,-3458,-0.244427574,7900,11372.66,20427.43,14200,16.2,2.7,13.1,52.7,23.9,8.8,22,0.155506265,472,3.336316226,1270,8.976952558,367,2.594127235,20.1,39.1
162,PL63,182,2277059,1167635,0.512782058,1109424,129,4021,0.176587431,10800,24854.72,44643.75,19300,18.1,1.7,15.7,59.8,17.4,5.7,30,0.131748892,1215,5.335830121,2620,11.50606989,1318,5.788167983,26.4,38.7
163,PT11,183,3603778,1893890,0.525529042,1709888,170.2,-13233,-0.367197979,15300,55049.38,68837.16,19200,129.5,7.1,39.2,218.3,27.8,12,25,0.069371643,4411,12.23993265,8474,23.51421203,7410,20.56175491,18.4,43.8
164,PT15,184,441929,230045,0.520547418,211884,89.5,592,0.13395817,19200,8500.99,10630.17,24100,8.9,4, ,20.6, ,9.2,11,0.248908761,1109,25.09452876,4058,91.82470487,958,21.67769031,18.8,43.5
165,PT16,185,2256364,1186368,0.525787506,1069996,80.4,-621,-0.027522155,15700,35342.22,44194.1,19600,48.5,4.2,20.1,96,26.8,8.4,24,0.106365817,1420,6.293310831,5568,24.67686951,4185,18.54753932,21.2,46
166,PT17,186,2812678,1491783,0.530378166,1320895,1002.5,7209,0.256303779,23800,66955.92,83725.84,29700,91.9,6.6,25.5,166.3,27.8,11.9,44,0.156434544,12501,44.44518711,5872,20.87690095,6587,23.41896228,28.8,43.1
167,PT18,187,724391,375532,0.518410637,348859,23.2,-1128,-0.155717009,16800,12120.97,15156.81,21000,20.4,5.9,6.5,41.5,30.8,12.1,12,0.165656393,529,7.30268598,1259,17.38011654,866,11.95486968,16.8,46.6
168,SE11,190,2231439,1120812,0.50228216,1110627,344.9,24077,1.078989836,65400,147048.68,112505.18,50000,15.8,1.2,25.2,82.9,17.7,6.5,24,0.107553915,3036,13.60557022,6127,27.45761816,9696,43.45178156,43.6,38.2
169,SE12,191,1638825,818017,0.499148475,820808,43,21988,1.341692981,40000,66036.44,50523.69,30600,12.7,1.5,21.2,65.8,19.3,7.7,7,0.04271353,1120,6.834164722,2232,13.61951398,5077,30.97951276,32.6,41.3
170,SE21,192,834276,414117,0.496378896,420159,25.4,12311,1.475650744,39900,33556.53,25673.7,30500,3.8,0.9,10.9,27.3,19,6.2,12,0.143837291,299,3.58394584,1369,16.40943764,2250,26.96949211,28.7,42.9
171,SE22,193,1459880,732130,0.501500123,727750,105.9,19270,1.319971505,39700,58374.34,44661.51,30400,13.8,1.8,19.1,64,21,8.4,10,0.068498781,2013,13.78880456,4330,29.65997205,4672,32.00263035,37.1,40.7
172,SE23,194,1963466,980543,0.499393929,982923,67.7,23159,1.179495851,45500,90086.59,68924.17,34800,10.9,1,24.1,68.8,18.1,6.5,23,0.117139793,2056,10.47127885,3909,19.90867171,8097,41.23830003,34.3,40.8
173,SE31,195,838747,417252,0.497470632,421495,13.3,10292,1.227068472,37500,31686.08,24242.64,28700,6.2,1.5,10.6,31.5,21.8,7.5,5,0.059612732,385,4.590180352,985,11.74370817,2867,34.18194044,27.6,44.7
174,SE32,196,371273,184434,0.496761143,186839,5.3,3369,0.90741853,39200,14621.42,11186.68,30000,1.9,1,5,12.9,21.6,6.8,6,0.16160615,121,3.259057351,407,10.96228382,1133,30.51662793,27.9,44.5
175,SE33,197,513111,252746,0.492575681,260365,3.4,3227,0.628908755,42000,21633.08,16551.21,32100,2.4,0.9,5.4,15.9,15,5.8,4,0.077955842,189,3.68341353,415,8.087918599,1217,23.7180649,32.3,42.9
176,UKC,104,2630654,1340086,0.509411728,1290568,307.4,9294,0.353296177,26800,70655.72,60295.1,22900,31.6,2.5,33.5,90.3,17.1,7, , , , , ,, ,,31,41.7
177,UKD,105,7199476,3650371,0.507032873,3549105,511.9,26982,0.374777275,31700,228867.06,195307.09,27000,48.7,1.4,65.2,175.8,13.3,5, , , , , ,, ,,35,40.4
178,UKE,106,5407699,2739587,0.506608633,2668112,351.9,17747,0.328180248,28700,155951.72,133083.71,24500,46.9,1.7,59.6,150.9,15.2,5.6, , , , , ,, ,,31.8,40.1
179,UKF,107,4701311,2378953,0.506019066,2322358,302.8,37908,0.806328277,29200,137982.93,117749.77,24900,22.7,1,36.6,106.5,10.8,4.5, , , , , ,, ,,32.2,41.3
180,UKG,108,5782942,2920463,0.505013365,2862479,446.9,35579,0.615240478,30200,175677.84,149917.28,25800,52.1,1.8,53.8,159.5,14,5.6, , , , , ,, ,,32.1,39.7
181,UKH,109,6102398,3095079,0.507190616,3007319,320.6,30094,0.493150398,32800,201042.73,171562.79,28000,29.2,0.9,47.9,123.2,11.7,3.9, , , , , ,, ,,35.1,41.4
182,UKI,110,8718245,4380927,0.502501019,4337318,5570.6,-1176,-0.013488953,64600,566188.77,483165.55,55100,64.8,1.4,84.7,266.9,16.3,5.6, , , , , ,, ,,52.4,34.7
183,UKJ,111,8989881,4562648,0.507531523,4427233,473.1,44213,0.491808512,39300,355103,303032.39,33600,30.7,0.7,64,163.7,10.5,3.5, , , , , ,, ,,40.9,41.2
184,UKK,112,5494303,2793781,0.508486882,2700522,231.4,43610,0.793731252,31600,174214.77,148668.75,26900,25.8,0.9,39.5,105.6,10.6,3.8, , , , , ,, ,,38.2,43.4
185,UKL,113,3106222,1576375,0.507489484,1529847,150.1,13163,0.423762371,26500,82523.15,70422.35,22600,19,1.3,26.6,66.8,12.4,4.4, , , , , ,, ,,34.8,42.2
186,UKM,114,5388865,2769878,0.514000258,2618987,69.3,28080,0.521074475,33900,183366.83,156478.79,29000,39,1.4,47,139.6,12.3,5.1,88,0.163299693,2557,4.744969488,17657,32.76571226,8716,16.17409232,44.1,41.8
187,UKN,115,1857048,944836,0.508783833,912212,137.3,873,0.047010093,28100,52320.13,44648.16,24000,23.2,2.6,17.6,50.8,14.5,5.7,28,0.150776932,1306,7.032666899,7081,38.13040912,2719,14.64151707,31.1,38.3
